date,investment_amount,stock_selection,returns_amount
2015-01-05,7084.0,"['BAC', 'MSFT', 'INTC']",
2015-01-06,6934.935143772489,"['BAC', 'MSFT', 'INTC']",-149.06485622751097
2015-01-07,6994.710492593958,"['AAPL', 'TSLA', 'V']",59.77534882146938
2015-01-08,7126.739348783338,"['AAPL', 'DIS', 'JNJ']",132.02885618937944
2015-01-09,7096.1012968101495,"['MSFT', 'AAPL', 'FB']",-30.63805197318834
2015-01-12,7032.7920157823355,"['AAPL', 'DIS', 'INTC']",-63.309281027813995
2015-01-13,7051.355657653758,"['DIS', 'INTC', 'V']",18.563641871422078
2015-01-14,6885.665344787607,"['AAPL', 'TSLA', 'DIS']",-165.69031286615063
2015-01-15,6784.739281890083,"['MSFT', 'FB', 'INTC']",-100.92606289752439
2015-01-16,6858.67480088931,"['DIS', 'MSFT', 'INTC']",73.9355189992275
2015-01-20,6816.980365505839,"['FB', 'TSLA', 'JNJ']",-41.6944353834715
2015-01-21,6853.123213407597,"['AAPL', 'FB', 'V']",36.142847901758614
2015-01-22,7012.936450220831,"['AAPL', 'TSLA', 'JNJ']",159.81323681323374
2015-01-23,6986.027122312913,"['AAPL', 'TSLA', 'JNJ']",-26.90932790791794
2015-01-26,6962.609577042542,"['AAPL', 'FB', 'V']",-23.417545270371193
2015-01-27,6899.55295988814,"['BAC', 'TSLA', 'DIS']",-63.056617154401465
2015-01-28,6763.20162969595,"['JPM', 'BAC', 'JNJ']",-136.3513301921903
2015-01-29,6914.466968315873,"['AAPL', 'FB', 'INTC']",151.26533861992266
2015-01-30,6801.009118350556,"['AAPL', 'TSLA', 'FB']",-113.45784996531711
2015-02-02,6893.075253426994,"['BAC', 'INTC', 'V']",92.06613507643851
2015-02-03,7026.063754684794,"['JPM', 'AAPL', 'TSLA']",132.98850125779973
2015-02-04,7181.658354403287,"['TSLA', 'JNJ', 'DIS']",155.59459971849355
2015-02-05,7293.337640168867,"['AAPL', 'DIS', 'V']",111.67928576558006
2015-02-06,7199.541907452727,"['TSLA', 'V', 'DIS']",-93.79573271614026
2015-02-09,7173.436006111598,"['JPM', 'BAC', 'MSFT']",-26.105901341129538
2015-02-10,7230.381023088463,"['AAPL', 'TSLA', 'FB']",56.94501697686519
2015-02-11,7318.454940131254,"['AAPL', 'FB', 'INTC']",88.07391704279144
2015-02-12,7385.514990999804,"['AAPL', 'FB', 'V']",67.0600508685493
2015-02-13,7399.975829371206,"['AAPL', 'DIS', 'V']",14.460838371402133
2015-02-17,7428.4330828192,"['MSFT', 'TSLA', 'JNJ']",28.457253447993935
2015-02-18,7435.075530919275,"['AAPL', 'TSLA', 'JNJ']",6.642448100074944
2015-02-19,7605.348302100163,"['AAPL', 'TSLA', 'FB']",170.2727711808884
2015-02-20,7691.8253475233705,"['JNJ', 'TSLA', 'FB']",86.47704542320753
2015-02-23,7645.879644232311,"['AAPL', 'TSLA', 'V']",-45.945703291059544
2015-02-24,7618.743106804984,"['AAPL', 'DIS', 'MSFT']",-27.136537427327312
2015-02-25,7610.648095271123,"['JPM', 'JNJ', 'INTC']",-8.095011533860998
2015-02-26,7653.33510142563,"['JNJ', 'DIS', 'FB']",42.68700615450689
2015-02-27,7560.490971631925,"['AAPL', 'TSLA', 'JNJ']",-92.84412979370427
2015-03-02,7611.550811516721,"['JNJ', 'BAC', 'MSFT']",51.05983988479602
2015-03-03,7590.540559621413,"['DIS', 'FB', 'V']",-21.0102518953081
2015-03-04,7592.396502218255,"['AAPL', 'TSLA', 'DIS']",1.855942596841487
2015-03-05,7574.390140167282,"['JPM', 'TSLA', 'FB']",-18.00636205097271
2015-03-06,7512.291042079294,"['FB', 'BAC', 'JNJ']",-62.09909808798784
2015-03-09,7479.792612989049,"['AAPL', 'BAC', 'INTC']",-32.49842909024483
2015-03-10,7308.822550167075,"['JPM', 'DIS', 'V']",-170.97006282197435
2015-03-11,7399.077006849262,"['MSFT', 'BAC', 'TSLA']",90.25445668218708
2015-03-12,7245.306212252752,"['BAC', 'TSLA', 'INTC']",-153.7707945965103
2015-03-13,7185.239887480086,"['AAPL', 'DIS', 'FB']",-60.06632477266612
2015-03-16,7193.868969335395,"['BAC', 'MSFT', 'INTC']",8.629081855309778
2015-03-17,7194.331400057905,"['AAPL', 'TSLA', 'JNJ']",0.4624307225094526
2015-03-18,7314.309317607893,"['MSFT', 'AAPL', 'FB']",119.97791754998798
2015-03-19,7313.816133262286,"['JNJ', 'TSLA', 'FB']",-0.4931843456070055
2015-03-20,7383.666776652687,"['JNJ', 'FB', 'V']",69.85064339040127
2015-03-23,7416.662629975151,"['TSLA', 'FB', 'DIS']",32.99585332246352
2015-03-24,7458.207003555965,"['AAPL', 'TSLA', 'FB']",41.544373580813954
2015-03-25,7213.663416487032,"['MSFT', 'TSLA', 'FB']",-244.54358706893254
2015-03-26,7227.68502445404,"['JPM', 'BAC', 'INTC']",14.021607967008094
2015-03-27,7367.761995086286,"['AAPL', 'DIS', 'INTC']",140.07697063224623
2015-03-30,7338.123936510054,"['DIS', 'FB', 'INTC']",-29.638058576232652
2015-03-31,7262.221589655692,"['JPM', 'AAPL', 'TSLA']",-75.9023468543619
2015-04-01,7221.244935275461,"['BAC', 'V', 'INTC']",-40.976654380230684
2015-04-02,7228.916873615193,"['BAC', 'DIS', 'MSFT']",7.671938339732151
2015-04-06,7412.191003259513,"['AAPL', 'TSLA', 'DIS']",183.27412964432006
2015-04-07,7387.126222787034,"['AAPL', 'TSLA', 'MSFT']",-25.06478047247947
2015-04-08,7422.890918601466,"['JPM', 'JNJ', 'V']",35.76469581443234
2015-04-09,7459.029709615232,"['TSLA', 'V', 'DIS']",36.13879101376551
2015-04-10,7497.136464744378,"['AAPL', 'TSLA', 'JNJ']",38.10675512914622
2015-04-13,7431.237899540514,"['TSLA', 'JNJ', 'INTC']",-65.89856520386365
2015-04-14,7488.1536131078965,"['JPM', 'BAC', 'FB']",56.91571356738223
2015-04-15,7517.759215761233,"['JPM', 'DIS', 'FB']",29.605602653336064
2015-04-16,7499.567701675098,"['JPM', 'MSFT', 'INTC']",-18.191514086134703
2015-04-17,7400.126407304821,"['BAC', 'DIS', 'INTC']",-99.44129437027641
2015-04-20,7399.186080575893,"['BAC', 'TSLA', 'JNJ']",-0.9403267289280848
2015-04-21,7389.274295054542,"['AAPL', 'DIS', 'FB']",-9.911785521351703
2015-04-22,7637.255441916843,"['TSLA', 'FB', 'V']",247.9811468623011
2015-04-23,7637.437662263954,"['AAPL', 'TSLA', 'V']",0.1822203471110697
2015-04-24,7927.886910821748,"['AAPL', 'DIS', 'MSFT']",290.4492485577939
2015-04-27,7971.7212440573985,"['JNJ', 'AAPL', 'MSFT']",43.834333235650774
2015-04-28,7911.786044896486,"['AAPL', 'TSLA', 'DIS']",-59.935199160912816
2015-04-29,7931.204806361826,"['JPM', 'MSFT', 'INTC']",19.41876146534014
2015-04-30,7793.6374407329895,"['JPM', 'TSLA', 'V']",-137.56736562883634
2015-05-01,7906.801751893782,"['JPM', 'BAC', 'INTC']",113.16431116079275
2015-05-04,7919.644920661495,"['AAPL', 'DIS', 'JNJ']",12.843168767712996
2015-05-05,7929.3053083928335,"['JPM', 'TSLA', 'DIS']",9.660387731338233
2015-05-06,7879.392708081834,"['BAC', 'TSLA', 'V']",-49.91260031099955
2015-05-07,7918.656059517254,"['BAC', 'FB', 'V']",39.26335143542019
2015-05-08,8080.843002389335,"['AAPL', 'TSLA', 'V']",162.1869428720811
2015-05-11,8024.276119807175,"['AAPL', 'JNJ', 'V']",-56.56688258216036
2015-05-12,8069.500723476132,"['BAC', 'JPM', 'TSLA']",45.22460366895757
2015-05-13,8066.746320577993,"['TSLA', 'MSFT', 'DIS']",-2.754402898139233
2015-05-14,8256.196039242615,"['MSFT', 'FB', 'INTC']",189.4497186646222
2015-05-15,8203.318374323284,"['AAPL', 'FB', 'V']",-52.87766491933144
2015-05-18,8233.010282173103,"['TSLA', 'JNJ', 'DIS']",29.691907849819472
2015-05-19,8269.18767720553,"['JPM', 'AAPL', 'JNJ']",36.17739503242592
2015-05-20,8232.910623040694,"['JPM', 'BAC', 'JNJ']",-36.277054164835135
2015-05-21,8266.548535598857,"['AAPL', 'MSFT', 'INTC']",33.6379125581625
2015-05-22,8311.09264347948,"['AAPL', 'TSLA', 'DIS']",44.544107880623415
2015-05-26,8204.00712874705,"['AAPL', 'TSLA', 'V']",-107.08551473243097
2015-05-27,8303.37826404826,"['MSFT', 'BAC', 'TSLA']",99.37113530121132
2015-05-28,8274.605776675451,"['MSFT', 'AAPL', 'FB']",-28.772487372809337
2015-05-29,8299.977992879354,"['TSLA', 'INTC', 'DIS']",25.372216203903008
2015-06-01,8278.592626031057,"['BAC', 'DIS', 'INTC']",-21.385366848297053
2015-06-02,8275.902221430217,"['DIS', 'FB', 'V']",-2.6904046008403384
2015-06-03,8390.247636252523,"['JNJ', 'BAC', 'FB']",114.34541482230634
2015-06-04,8327.019423449576,"['JPM', 'TSLA', 'FB']",-63.22821280294738
2015-06-05,8400.075852199645,"['JPM', 'BAC', 'INTC']",73.05642875006924
2015-06-08,8440.503976916054,"['BAC', 'JPM', 'TSLA']",40.428124716409
2015-06-09,8470.285205874075,"['BAC', 'TSLA', 'MSFT']",29.78122895802153
2015-06-10,8604.74361674929,"['JPM', 'JNJ', 'V']",134.45841087521512
2015-06-11,8609.801561992379,"['DIS', 'FB', 'V']",5.0579452430883975
2015-06-12,8558.46195577237,"['TSLA', 'JNJ', 'DIS']",-51.339606220008136
2015-06-15,8515.6391725093,"['JPM', 'BAC', 'FB']",-42.82278326307096
2015-06-16,8573.463889927085,"['BAC', 'DIS', 'INTC']",57.824717417784996
2015-06-17,8677.58587011724,"['TSLA', 'JNJ', 'DIS']",104.12198019015523
2015-06-18,8778.341046702828,"['TSLA', 'FB', 'DIS']",100.75517658558783
2015-06-19,8755.183562191376,"['JNJ', 'DIS', 'TSLA']",-23.157484511451912
2015-06-22,8793.225901441501,"['BAC', 'TSLA', 'INTC']",38.042339250125224
2015-06-23,8911.232976015806,"['AAPL', 'DIS', 'FB']",118.00707457430508
2015-06-24,8899.998272490431,"['TSLA', 'FB', 'DIS']",-11.234703525375153
2015-06-25,8863.930434608188,"['AAPL', 'FB', 'INTC']",-36.06783788224311
2015-06-26,8769.593401366858,"['TSLA', 'INTC', 'DIS']",-94.33703324133057
2015-06-29,8588.58151643971,"['JPM', 'DIS', 'JNJ']",-181.01188492714755
2015-06-30,8598.776723572459,"['BAC', 'MSFT', 'INTC']",10.195207132748692
2015-07-01,8676.813007714441,"['AAPL', 'TSLA', 'DIS']",78.03628414198283
2015-07-02,8681.617798739087,"['AAPL', 'DIS', 'FB']",4.804791024645965
2015-07-06,8682.21445719287,"['TSLA', 'FB', 'V']",0.5966584537818562
2015-07-07,8700.457239476156,"['MSFT', 'DIS', 'FB']",18.242782283286942
2015-07-08,8615.509445770582,"['MSFT', 'DIS', 'JNJ']",-84.94779370557444
2015-07-09,8618.843435925954,"['BAC', 'MSFT', 'INTC']",3.3339901553717937
2015-07-10,8706.386139955353,"['JPM', 'TSLA', 'JNJ']",87.54270402939983
2015-07-13,8880.016217015298,"['AAPL', 'FB', 'V']",173.6300770599446
2015-07-14,8904.44542164033,"['AAPL', 'TSLA', 'FB']",24.42920462503207
2015-07-15,8879.46223165637,"['JPM', 'TSLA', 'V']",-24.983189983960983
2015-07-16,8984.44295408413,"['AAPL', 'BAC', 'JNJ']",104.98072242776107
2015-07-17,9235.73914453683,"['AAPL', 'TSLA', 'FB']",251.2961904527001
2015-07-20,9474.418729896513,"['AAPL', 'TSLA', 'FB']",238.6795853596832
2015-07-21,9285.022828248191,"['AAPL', 'TSLA', 'FB']",-189.39590164832225
2015-07-22,9123.71872123399,"['MSFT', 'FB', 'JNJ']",-161.30410701420078
2015-07-23,9052.51144675503,"['BAC', 'JPM', 'TSLA']",-71.20727447896024
2015-07-24,8953.30967401661,"['JNJ', 'MSFT', 'INTC']",-99.20177273842091
2015-07-27,8813.662408865843,"['DIS', 'FB', 'V']",-139.64726515076654
2015-07-28,8911.143858861964,"['BAC', 'MSFT', 'INTC']",97.48144999612123
2015-07-29,9003.393110147248,"['TSLA', 'FB', 'V']",92.24925128528412
2015-07-30,8967.682112798742,"['DIS', 'FB', 'V']",-35.71099734850577
2015-07-31,8908.332166655262,"['TSLA', 'MSFT', 'V']",-59.34994614348034
2015-08-03,8940.674004384538,"['DIS', 'JNJ', 'INTC']",32.34183772927645
2015-08-04,8932.50032299097,"['DIS', 'FB', 'V']",-8.173681393567676
2015-08-05,8704.993773814549,"['TSLA', 'MSFT', 'DIS']",-227.5065491764217
2015-08-06,8413.790857557662,"['AAPL', 'TSLA', 'FB']",-291.20291625688697
2015-08-07,8401.274972815534,"['AAPL', 'BAC', 'INTC']",-12.515884742128037
2015-08-10,8551.762251650489,"['AAPL', 'DIS', 'V']",150.48727883495485
2015-08-11,8304.09885438508,"['AAPL', 'DIS', 'JNJ']",-247.663397265409
2015-08-12,8238.777789807162,"['JPM', 'BAC', 'FB']",-65.32106457791815
2015-08-13,8264.517110974153,"['AAPL', 'TSLA', 'FB']",25.73932116699143
2015-08-14,8273.369735692862,"['TSLA', 'V', 'DIS']",8.852624718709194
2015-08-17,8421.885103905304,"['AAPL', 'TSLA', 'FB']",148.5153682124419
2015-08-18,8414.836617725658,"['AAPL', 'TSLA', 'DIS']",-7.048486179646716
2015-08-19,8320.950450435972,"['MSFT', 'TSLA', 'FB']",-93.88616728968555
2015-08-20,8151.419713355674,"['JNJ', 'FB', 'V']",-169.53073708029842
2015-08-21,7880.521808926214,"['BAC', 'JNJ', 'V']",-270.89790442945923
2015-08-24,7625.217428082553,"['BAC', 'INTC', 'DIS']",-255.30438084366142
2015-08-25,7509.647173967782,"['BAC', 'MSFT', 'INTC']",-115.57025411477116
2015-08-26,7834.308017574807,"['AAPL', 'TSLA', 'FB']",324.6608436070255
2015-08-27,8198.087513666454,"['AAPL', 'TSLA', 'FB']",363.77949609164716
2015-08-28,8277.07427552562,"['AAPL', 'TSLA', 'DIS']",78.9867618591652
2015-08-31,8247.265333082492,"['TSLA', 'FB', 'INTC']",-29.808942443127307
2015-09-01,7934.922597533446,"['BAC', 'TSLA', 'INTC']",-312.34273554904667
2015-09-02,8160.806096855726,"['BAC', 'MSFT', 'INTC']",225.88349932227993
2015-09-03,8037.1640927476765,"['AAPL', 'TSLA', 'FB']",-123.64200410804915
2015-09-04,7883.572204658701,"['MSFT', 'INTC', 'V']",-153.5918880889758
2015-09-08,8097.319537485997,"['BAC', 'FB', 'INTC']",213.7473328272963
2015-09-09,7998.961340755831,"['AAPL', 'TSLA', 'DIS']",-98.35819673016613
2015-09-10,8042.492551005445,"['TSLA', 'FB', 'INTC']",43.53121024961456
2015-09-11,8132.711448492244,"['AAPL', 'DIS', 'FB']",90.2188974867986
2015-09-14,8173.654405539708,"['AAPL', 'DIS', 'TSLA']",40.942957047464006
2015-09-15,8232.194220641959,"['AAPL', 'TSLA', 'JNJ']",58.53981510225094
2015-09-16,8265.535618485437,"['JPM', 'AAPL', 'JNJ']",33.34139784347826
2015-09-17,8225.880356159021,"['JPM', 'TSLA', 'FB']",-39.65526232641605
2015-09-18,8149.915081543404,"['JNJ', 'DIS', 'FB']",-75.96527461561709
2015-09-21,8249.596895949206,"['AAPL', 'BAC', 'FB']",99.68181440580156
2015-09-22,8097.925840830167,"['AAPL', 'TSLA', 'FB']",-151.671055119039
2015-09-23,8114.848582278757,"['MSFT', 'BAC', 'JNJ']",16.922741448590386
2015-09-24,8116.535155497786,"['AAPL', 'FB', 'V']",1.6865732190290146
2015-09-25,7998.86114470238,"['AAPL', 'TSLA', 'FB']",-117.6740107954056
2015-09-28,7732.121321449817,"['JPM', 'BAC', 'V']",-266.73982325256384
2015-09-29,7802.25225976896,"['BAC', 'JNJ', 'INTC']",70.13093831914375
2015-09-30,7926.524478530694,"['DIS', 'JNJ', 'V']",124.27221876173371
2015-10-01,7883.97397965022,"['DIS', 'FB', 'TSLA']",-42.55049888047415
2015-10-02,7917.4567981689515,"['JPM', 'DIS', 'FB']",33.48281851873162
2015-10-05,8019.317756717626,"['MSFT', 'TSLA', 'FB']",101.86095854867472
2015-10-06,7980.6540711920425,"['JPM', 'FB', 'V']",-38.66368552558379
2015-10-07,8019.025012842376,"['AAPL', 'MSFT', 'INTC']",38.37094165033341
2015-10-08,8063.620779482229,"['JNJ', 'INTC', 'V']",44.59576663985354
2015-10-09,8071.680251397869,"['DIS', 'MSFT', 'V']",8.059471915639733
2015-10-12,8108.771016878243,"['AAPL', 'DIS', 'FB']",37.0907654803741
2015-10-13,8111.216614476709,"['DIS', 'FB', 'V']",2.4455975984656106
2015-10-14,8021.962082926778,"['AAPL', 'TSLA', 'DIS']",-89.25453154993102
2015-10-15,8165.644171640808,"['BAC', 'FB', 'INTC']",143.68208871403021
2015-10-16,8275.116976510686,"['TSLA', 'JNJ', 'DIS']",109.47280486987802
2015-10-19,8306.237911184828,"['JNJ', 'TSLA', 'FB']",31.12093467414161
2015-10-20,8107.138579876719,"['DIS', 'TSLA', 'V']",-199.09933130810896
2015-10-21,8093.168617256542,"['JPM', 'AAPL', 'DIS']",-13.969962620176375
2015-10-22,8294.221477075525,"['JNJ', 'DIS', 'FB']",201.05285981898305
2015-10-23,8381.884389250565,"['JNJ', 'DIS', 'FB']",87.66291217503931
2015-10-26,8408.851242474004,"['FB', 'AAPL', 'MSFT']",26.966853223439102
2015-10-27,8314.092528564695,"['MSFT', 'TSLA', 'FB']",-94.75871390930843
2015-10-28,8349.361489210125,"['FB', 'DIS', 'JNJ']",35.268960645429615
2015-10-29,8349.05946706865,"['JPM', 'AAPL', 'TSLA']",-0.3020221414753905
2015-10-30,8238.724878285855,"['FB', 'AAPL', 'JNJ']",-110.33458878279453
2015-11-02,8335.814548655311,"['BAC', 'JNJ', 'INTC']",97.08967036945614
2015-11-03,8277.349638734995,"['AAPL', 'TSLA', 'FB']",-58.46490992031613
2015-11-04,8293.195349999485,"['AAPL', 'MSFT', 'V']",15.845711264490092
2015-11-05,8455.166623922998,"['TSLA', 'FB', 'V']",161.97127392351285
2015-11-06,8479.573632155774,"['JPM', 'FB', 'V']",24.407008232776207
2015-11-09,8411.20739637704,"['BAC', 'JPM', 'DIS']",-68.36623577873434
2015-11-10,8450.479528337273,"['BAC', 'DIS', 'INTC']",39.27213196023331
2015-11-11,8446.97075513865,"['DIS', 'FB', 'V']",-3.5087731986241124
2015-11-12,8298.53583303325,"['JNJ', 'TSLA', 'FB']",-148.4349221053999
2015-11-13,8213.950953243286,"['BAC', 'DIS', 'MSFT']",-84.58487978996345
2015-11-16,8277.402644055164,"['BAC', 'INTC', 'V']",63.45169081187851
2015-11-17,8269.323578683576,"['AAPL', 'TSLA', 'JNJ']",-8.079065371588513
2015-11-18,8414.230333148085,"['JNJ', 'FB', 'INTC']",144.9067544645095
2015-11-19,8419.823991146692,"['AAPL', 'TSLA', 'FB']",5.593657998606432
2015-11-20,8438.917723051827,"['AAPL', 'TSLA', 'INTC']",19.093731905135428
2015-11-23,8421.951780859816,"['JNJ', 'DIS', 'FB']",-16.965942192011426
2015-11-24,8393.905186690497,"['MSFT', 'JNJ', 'V']",-28.04659416931827
2015-11-25,8491.037247175,"['AAPL', 'TSLA', 'MSFT']",97.13206048450229
2015-11-27,8431.708382635832,"['TSLA', 'INTC', 'DIS']",-59.328864539167625
2015-11-30,8363.799185917422,"['JPM', 'TSLA', 'JNJ']",-67.90919671841039
2015-12-01,8411.460947826106,"['AAPL', 'MSFT', 'INTC']",47.66176190868464
2015-12-02,8288.733391682257,"['TSLA', 'FB', 'DIS']",-122.72755614384914
2015-12-03,8125.344320343957,"['BAC', 'MSFT', 'INTC']",-163.3890713382998
2015-12-04,8247.717068402739,"['BAC', 'TSLA', 'INTC']",122.37274805878133
2015-12-07,8191.462119130578,"['AAPL', 'DIS', 'V']",-56.25494927216096
2015-12-08,8097.238086170599,"['TSLA', 'JNJ', 'INTC']",-94.22403295997901
2015-12-09,7950.56338848292,"['MSFT', 'AAPL', 'FB']",-146.67469768767842
2015-12-10,7975.728844267536,"['BAC', 'JNJ', 'INTC']",25.165455784615915
2015-12-11,7706.412462007145,"['AAPL', 'TSLA', 'FB']",-269.31638226039104
2015-12-14,7744.026056610457,"['BAC', 'JNJ', 'INTC']",37.61359460331187
2015-12-15,7837.288626470599,"['TSLA', 'FB', 'DIS']",93.26256986014232
2015-12-16,8061.925849723311,"['JNJ', 'DIS', 'TSLA']",224.63722325271192
2015-12-17,7992.710601793327,"['TSLA', 'FB', 'DIS']",-69.21524792998389
2015-12-18,7754.701790739939,"['BAC', 'MSFT', 'INTC']",-238.00881105338885
2015-12-21,7849.1412459970325,"['BAC', 'MSFT', 'INTC']",94.43945525709387
2015-12-22,7822.928996737841,"['JPM', 'AAPL', 'TSLA']",-26.212249259191594
2015-12-23,7843.1256450708825,"['FB', 'MSFT', 'JNJ']",20.196648333041594
2015-12-24,7814.087532203599,"['JPM', 'AAPL', 'V']",-29.038112867283417
2015-12-28,7852.557587819729,"['TSLA', 'FB', 'DIS']",38.470055616129684
2015-12-29,7903.9381566283,"['DIS', 'FB', 'V']",51.3805688085713
2015-12-30,7853.984447346036,"['AAPL', 'TSLA', 'FB']",-49.953709282263844
2015-12-31,7802.727037181021,"['BAC', 'TSLA', 'MSFT']",-51.257410165015244
2016-01-04,7526.293187656928,"['BAC', 'TSLA', 'INTC']",-276.4338495240927
2016-01-05,7451.615819204611,"['AAPL', 'BAC', 'INTC']",-74.67736845231684
2016-01-06,7412.297111706161,"['JNJ', 'FB', 'V']",-39.31870749845075
2016-01-07,7173.207020388329,"['JNJ', 'BAC', 'FB']",-239.09009131783205
2016-01-08,7095.375975156012,"['BAC', 'JNJ', 'DIS']",-77.83104523231668
2016-01-11,7148.282856669426,"['AAPL', 'DIS', 'MSFT']",52.90688151341419
2016-01-12,7246.665418039615,"['AAPL', 'DIS', 'V']",98.38256137018925
2016-01-13,6969.053123092957,"['TSLA', 'FB', 'DIS']",-277.61229494665804
2016-01-14,7109.635716782315,"['BAC', 'MSFT', 'INTC']",140.58259368935796
2016-01-15,6957.133290563517,"['AAPL', 'TSLA', 'FB']",-152.50242621879806
2016-01-19,6917.576262933819,"['JPM', 'BAC', 'TSLA']",-39.557027629698496
2016-01-20,6819.071952033912,"['FB', 'DIS', 'JNJ']",-98.50431089990707
2016-01-21,6799.068417955903,"['AAPL', 'MSFT', 'INTC']",-20.00353407800867
2016-01-22,6933.835933440043,"['DIS', 'TSLA', 'V']",134.76751548413995
2016-01-25,6828.364307564196,"['AAPL', 'DIS', 'FB']",-105.47162587584717
2016-01-26,6984.071208743388,"['MSFT', 'JNJ', 'INTC']",155.70690117919185
2016-01-27,6957.832999488535,"['JPM', 'DIS', 'JNJ']",-26.238209254852336
2016-01-28,6999.600562278542,"['JPM', 'BAC', 'JNJ']",41.767562790007105
2016-01-29,7220.37410912929,"['MSFT', 'TSLA', 'FB']",220.77354685074806
2016-02-01,7256.0927670554465,"['AAPL', 'FB', 'V']",35.718657926156084
2016-02-02,7049.853409376286,"['JNJ', 'TSLA', 'FB']",-206.2393576791601
2016-02-03,6991.550312697253,"['JNJ', 'BAC', 'FB']",-58.30309667903384
2016-02-04,6995.447099054377,"['AAPL', 'DIS', 'V']",3.896786357124256
2016-02-05,6737.911685421481,"['JPM', 'AAPL', 'TSLA']",-257.53541363289605
2016-02-08,6555.903192356723,"['JPM', 'BAC', 'INTC']",-182.0084930647581
2016-02-09,6554.042183267048,"['AAPL', 'JNJ', 'INTC']",-1.8610090896745533
2016-02-10,6462.624283709123,"['TSLA', 'V', 'DIS']",-91.41789955792501
2016-02-11,6429.576331876826,"['MSFT', 'FB', 'V']",-33.04795183229726
2016-02-12,6459.732510891039,"['TSLA', 'FB', 'DIS']",30.156179014213194
2016-02-16,6554.312259292437,"['JPM', 'DIS', 'V']",94.57974840139832
2016-02-17,6838.893523590551,"['AAPL', 'TSLA', 'DIS']",284.58126429811364
2016-02-18,6767.715277564834,"['TSLA', 'FB', 'DIS']",-71.17824602571727
2016-02-19,6711.884631455506,"['MSFT', 'JNJ', 'INTC']",-55.83064610932797
2016-02-22,6827.825921613389,"['JNJ', 'FB', 'V']",115.94129015788349
2016-02-23,6756.585460031132,"['TSLA', 'FB', 'V']",-71.24046158225701
2016-02-24,6804.276979542894,"['BAC', 'TSLA', 'INTC']",47.691519511761726
2016-02-25,6951.9225323229075,"['AAPL', 'TSLA', 'FB']",147.64555278001353
2016-02-26,6957.752036856038,"['TSLA', 'JNJ', 'V']",5.829504533130603
2016-02-29,6894.274188578973,"['BAC', 'JPM', 'TSLA']",-63.47784827706528
2016-03-01,7001.687606446618,"['BAC', 'TSLA', 'DIS']",107.41341786764497
2016-03-02,7031.635262410167,"['JPM', 'AAPL', 'FB']",29.94765596354955
2016-03-03,7105.012532821108,"['JPM', 'TSLA', 'MSFT']",73.37727041094058
2016-03-04,7196.224274325476,"['AAPL', 'TSLA', 'DIS']",91.21174150436764
2016-03-07,7215.993209346869,"['JPM', 'AAPL', 'TSLA']",19.76893502139319
2016-03-08,7116.937807458467,"['TSLA', 'INTC', 'DIS']",-99.05540188840132
2016-03-09,7230.655957058854,"['FB', 'MSFT', 'INTC']",113.71814960038682
2016-03-10,7149.483182609332,"['MSFT', 'TSLA', 'FB']",-81.17277444952197
2016-03-11,7294.441995068366,"['BAC', 'JNJ', 'INTC']",144.95881245903365
2016-03-14,7389.999547668489,"['TSLA', 'FB', 'V']",95.55755260012302
2016-03-15,7429.797713253918,"['TSLA', 'FB', 'DIS']",39.79816558542916
2016-03-16,7537.226826780301,"['AAPL', 'TSLA', 'FB']",107.42911352638293
2016-03-17,7557.593960755264,"['AAPL', 'TSLA', 'FB']",20.3671339749626
2016-03-18,7640.295784851784,"['TSLA', 'V', 'DIS']",82.7018240965208
2016-03-21,7695.300953136187,"['JPM', 'TSLA', 'JNJ']",55.005168284402316
2016-03-22,7670.56152678838,"['MSFT', 'TSLA', 'FB']",-24.73942634780633
2016-03-23,7658.302892426842,"['MSFT', 'AAPL', 'FB']",-12.258634361538498
2016-03-24,7673.344980787892,"['FB', 'JNJ', 'V']",15.042088361050446
2016-03-28,7738.903083577614,"['TSLA', 'FB', 'DIS']",65.55810278972149
2016-03-29,7794.878259119736,"['TSLA', 'FB', 'DIS']",55.97517554212209
2016-03-30,7856.283386589043,"['AAPL', 'FB', 'V']",61.405127469307445
2016-03-31,7843.017225251044,"['AAPL', 'DIS', 'V']",-13.26616133799962
2016-04-01,7941.76978864173,"['TSLA', 'MSFT', 'DIS']",98.75256339068619
2016-04-04,7974.633253080907,"['TSLA', 'FB', 'V']",32.86346443917682
2016-04-05,8005.188308104647,"['AAPL', 'TSLA', 'V']",30.55505502374035
2016-04-06,8135.6845126732915,"['TSLA', 'JNJ', 'INTC']",130.49620456864432
2016-04-07,8028.183317950399,"['TSLA', 'FB', 'V']",-107.50119472289225
2016-04-08,7959.386332678197,"['JNJ', 'BAC', 'FB']",-68.79698527220262
2016-04-11,7969.25539085954,"['JPM', 'DIS', 'V']",9.869058181343462
2016-04-12,8114.593715734937,"['JPM', 'AAPL', 'BAC']",145.33832487539712
2016-04-13,8210.516983270909,"['AAPL', 'DIS', 'FB']",95.92326753597172
2016-04-14,8193.85709215045,"['JPM', 'TSLA', 'DIS']",-16.65989112045827
2016-04-15,8124.367683636455,"['JPM', 'FB', 'V']",-69.48940851399584
2016-04-18,8175.515870702507,"['MSFT', 'TSLA', 'JNJ']",51.14818706605183
2016-04-19,8228.645049207698,"['DIS', 'FB', 'V']",53.1291785051917
2016-04-20,8270.564221926385,"['JNJ', 'DIS', 'FB']",41.91917271868624
2016-04-21,8224.327659478746,"['JPM', 'TSLA', 'JNJ']",-46.23656244763879
2016-04-22,7952.1039321137,"['MSFT', 'FB', 'JNJ']",-272.2237273650462
2016-04-25,7937.046582684221,"['JPM', 'TSLA', 'DIS']",-15.057349429478563
2016-04-26,7897.141377689644,"['JNJ', 'DIS', 'MSFT']",-39.90520499457671
2016-04-27,7891.089094348008,"['TSLA', 'V', 'DIS']",-6.052283341636212
2016-04-28,7770.768069253234,"['DIS', 'V', 'INTC']",-120.32102509477409
2016-04-29,7740.137062852564,"['JNJ', 'BAC', 'FB']",-30.63100640067023
2016-05-02,7837.356942243616,"['MSFT', 'BAC', 'FB']",97.21987939105202
2016-05-03,7678.127367178537,"['DIS', 'TSLA', 'V']",-159.2295750650792
2016-05-04,7619.574667782392,"['AAPL', 'JNJ', 'INTC']",-58.55269939614482
2016-05-05,7648.630727591131,"['MSFT', 'DIS', 'FB']",29.05605980873952
2016-05-06,7672.154631912866,"['DIS', 'JNJ', 'V']",23.523904321734335
2016-05-09,7590.44660994026,"['TSLA', 'FB', 'DIS']",-81.70802197260582
2016-05-10,7660.461247031621,"['AAPL', 'JNJ', 'V']",70.01463709136078
2016-05-11,7479.608294537659,"['DIS', 'FB', 'V']",-180.8529524939613
2016-05-12,7457.146825385,"['TSLA', 'MSFT', 'INTC']",-22.461469152659447
2016-05-13,7392.855336433098,"['MSFT', 'FB', 'V']",-64.29148895190156
2016-05-16,7531.945466181115,"['AAPL', 'TSLA', 'INTC']",139.0901297480168
2016-05-17,7475.539859676977,"['AAPL', 'JNJ', 'V']",-56.40560650413772
2016-05-18,7721.187597642267,"['JPM', 'AAPL', 'BAC']",245.6477379652897
2016-05-19,7734.505340118285,"['JPM', 'AAPL', 'TSLA']",13.317742476017884
2016-05-20,7838.714739130524,"['BAC', 'TSLA', 'INTC']",104.20939901223937
2016-05-23,7808.047329180828,"['AAPL', 'TSLA', 'DIS']",-30.667409949696776
2016-05-24,7963.476876093167,"['JPM', 'AAPL', 'INTC']",155.4295469123399
2016-05-25,7977.40432245159,"['TSLA', 'FB', 'V']",13.927446358422458
2016-05-26,8045.694856384331,"['JPM', 'AAPL', 'TSLA']",68.2905339327408
2016-05-27,8017.292497028568,"['AAPL', 'TSLA', 'FB']",-28.40235935576311
2016-05-31,7999.359066849987,"['DIS', 'MSFT', 'V']",-17.933430178580238
2016-06-01,7953.883403386617,"['TSLA', 'MSFT', 'INTC']",-45.47566346337044
2016-06-02,7997.431410497178,"['JPM', 'BAC', 'V']",43.54800711056123
2016-06-03,8004.194828062391,"['DIS', 'JNJ', 'V']",6.763417565212876
2016-06-06,8067.612171224598,"['AAPL', 'TSLA', 'JNJ']",63.417343162206635
2016-06-07,8219.677880774512,"['AAPL', 'TSLA', 'JNJ']",152.06570954991457
2016-06-08,8255.547730420465,"['AAPL', 'TSLA', 'INTC']",35.869849645952854
2016-06-09,8174.380714578584,"['TSLA', 'FB', 'V']",-81.16701584188104
2016-06-10,8107.605959666149,"['FB', 'AAPL', 'JNJ']",-66.77475491243513
2016-06-13,8043.144333219917,"['MSFT', 'JNJ', 'INTC']",-64.461626446232
2016-06-14,8071.026567766512,"['DIS', 'JNJ', 'INTC']",27.8822345465951
2016-06-15,8043.204765932568,"['JNJ', 'DIS', 'FB']",-27.821801833943937
2016-06-16,8050.823917687343,"['BAC', 'JPM', 'TSLA']",7.619151754774975
2016-06-17,7945.612148226382,"['AAPL', 'TSLA', 'MSFT']",-105.21176946096148
2016-06-20,8022.723405281565,"['BAC', 'DIS', 'INTC']",77.11125705518316
2016-06-21,7993.223565371584,"['TSLA', 'JNJ', 'DIS']",-29.499839909980437
2016-06-22,7961.864438783452,"['FB', 'AAPL', 'MSFT']",-31.359126588132312
2016-06-23,8124.213919974668,"['BAC', 'JNJ', 'INTC']",162.349481191216
2016-06-24,7755.387714921317,"['JPM', 'FB', 'V']",-368.82620505335126
2016-06-27,7544.885917616051,"['BAC', 'JNJ', 'INTC']",-210.50179730526543
2016-06-28,7660.655153428307,"['TSLA', 'JNJ', 'INTC']",115.76923581225583
2016-06-29,7853.713881829561,"['TSLA', 'FB', 'V']",193.05872840125357
2016-06-30,7832.2815055154315,"['JPM', 'TSLA', 'V']",-21.432376314129215
2016-07-01,7891.886309020746,"['AAPL', 'TSLA', 'JNJ']",59.60480350531452
2016-07-05,7843.28687102201,"['AAPL', 'TSLA', 'V']",-48.59943799873599
2016-07-06,7840.569901056146,"['MSFT', 'JNJ', 'V']",-2.7169699658643367
2016-07-07,7856.383728425793,"['JPM', 'DIS', 'FB']",15.813827369647697
2016-07-08,7965.900698702908,"['TSLA', 'V', 'DIS']",109.51697027711452
2016-07-11,7993.239358651639,"['DIS', 'FB', 'V']",27.33865994873122
2016-07-12,8032.847598907246,"['JPM', 'TSLA', 'FB']",39.60824025560669
2016-07-13,8045.558229214037,"['JPM', 'MSFT', 'V']",12.710630306791245
2016-07-14,8075.564668275516,"['JNJ', 'MSFT', 'INTC']",30.006439061478886
2016-07-15,8083.322937322449,"['JPM', 'AAPL', 'V']",7.758269046933492
2016-07-18,8163.193587759437,"['JPM', 'BAC', 'V']",79.87065043698749
2016-07-19,8180.643394178605,"['AAPL', 'TSLA', 'FB']",17.449806419168453
2016-07-20,8230.036188529733,"['FB', 'JNJ', 'V']",49.39279435112803
2016-07-21,8100.738105605315,"['FB', 'TSLA', 'MSFT']",-129.29808292441885
2016-07-22,8156.2252267330205,"['MSFT', 'BAC', 'JNJ']",55.487121127705905
2016-07-25,8225.58634086584,"['TSLA', 'MSFT', 'V']",69.36111413282015
2016-07-26,8211.833498589589,"['MSFT', 'TSLA', 'FB']",-13.752842276251613
2016-07-27,8191.776890332518,"['JPM', 'JNJ', 'INTC']",-20.056608257071275
2016-07-28,8255.6321107582,"['JPM', 'AAPL', 'FB']",63.855220425683
2016-07-29,8278.747642315027,"['AAPL', 'TSLA', 'FB']",23.11553155682668
2016-08-01,8221.44378784623,"['MSFT', 'TSLA', 'JNJ']",-57.303854468797
2016-08-02,8154.677570487607,"['AAPL', 'FB', 'V']",-66.76621735862318
2016-08-03,8231.478391752677,"['JPM', 'MSFT', 'V']",76.80082126506932
2016-08-04,8217.62908060489,"['JPM', 'AAPL', 'DIS']",-13.849311147787375
2016-08-05,8250.887008941847,"['TSLA', 'FB', 'V']",33.257928336957775
2016-08-08,8267.781977219696,"['JPM', 'AAPL', 'FB']",16.89496827784933
2016-08-09,8281.216527654553,"['MSFT', 'AAPL', 'FB']",13.434550434856646
2016-08-10,8253.31660234572,"['AAPL', 'TSLA', 'DIS']",-27.89992530883319
2016-08-11,8273.206673407969,"['MSFT', 'DIS', 'JNJ']",19.890071062249262
2016-08-12,8240.481146223017,"['MSFT', 'JNJ', 'V']",-32.725527184951716
2016-08-15,8293.511276779987,"['BAC', 'AAPL', 'TSLA']",53.03013055697011
2016-08-16,8287.14874181887,"['JPM', 'AAPL', 'V']",-6.36253496111749
2016-08-17,8276.167505274356,"['JPM', 'BAC', 'INTC']",-10.981236544514104
2016-08-18,8233.095077911103,"['JNJ', 'FB', 'V']",-43.072427363253155
2016-08-19,8248.597777526129,"['JPM', 'TSLA', 'MSFT']",15.502699615026359
2016-08-22,8211.294117742345,"['AAPL', 'TSLA', 'INTC']",-37.30365978378359
2016-08-23,8210.461413258521,"['FB', 'INTC', 'V']",-0.8327044838242728
2016-08-24,8146.094554094358,"['AAPL', 'TSLA', 'JNJ']",-64.36685916416354
2016-08-25,8184.2657816463925,"['JPM', 'BAC', 'MSFT']",38.17122755203491
2016-08-26,8246.934737315743,"['MSFT', 'BAC', 'FB']",62.66895566935091
2016-08-29,8310.719500371379,"['JNJ', 'BAC', 'FB']",63.78476305563527
2016-08-30,8307.757384253111,"['JNJ', 'FB', 'JPM']",-2.9621161182676587
2016-08-31,8302.822052875936,"['JPM', 'BAC', 'V']",-4.9353313771753164
2016-09-01,8167.215546239671,"['TSLA', 'FB', 'INTC']",-135.60650663626438
2016-09-02,8219.944867686525,"['AAPL', 'MSFT', 'V']",52.729321446853646
2016-09-06,8306.630965217219,"['AAPL', 'FB', 'V']",86.68609753069359
2016-09-07,8343.335324469292,"['TSLA', 'FB', 'V']",36.70435925207312
2016-09-08,8244.87147266155,"['AAPL', 'FB', 'V']",-98.46385180774087
2016-09-09,8150.777973187348,"['BAC', 'JPM', 'DIS']",-94.09349947420287
2016-09-12,8244.173425876474,"['JPM', 'BAC', 'INTC']",93.3954526891257
2016-09-13,8242.639486837947,"['AAPL', 'TSLA', 'V']",-1.5339390385270235
2016-09-14,8324.907574344776,"['AAPL', 'BAC', 'INTC']",82.26808750682903
2016-09-15,8488.50386294891,"['AAPL', 'TSLA', 'FB']",163.59628860413432
2016-09-16,8545.865372261052,"['AAPL', 'TSLA', 'MSFT']",57.361509312142516
2016-09-19,8511.065933714017,"['TSLA', 'FB', 'INTC']",-34.79943854703561
2016-09-20,8498.233358812915,"['JPM', 'TSLA', 'V']",-12.832574901101907
2016-09-21,8520.419476901085,"['JPM', 'DIS', 'JNJ']",22.18611808816968
2016-09-22,8539.566417033311,"['MSFT', 'FB', 'JNJ']",19.14694013222652
2016-09-23,8501.93145164071,"['AAPL', 'TSLA', 'DIS']",-37.63496539260086
2016-09-26,8382.503556330035,"['BAC', 'JPM', 'TSLA']",-119.42789531067501
2016-09-27,8382.218981882257,"['BAC', 'AAPL', 'TSLA']",-0.2845744477781409
2016-09-28,8401.78466218714,"['JNJ', 'MSFT', 'FB']",19.565680304882335
2016-09-29,8298.135244129106,"['AAPL', 'FB', 'V']",-103.64941805803392
2016-09-30,8451.348452899982,"['BAC', 'INTC', 'DIS']",153.213208770876
2016-10-03,8570.25643687649,"['JPM', 'TSLA', 'DIS']",118.90798397650906
2016-10-04,8527.016797395187,"['FB', 'TSLA', 'JNJ']",-43.23963948130404
2016-10-05,8630.560639229747,"['JPM', 'AAPL', 'BAC']",103.54384183456023
2016-10-06,8644.613996560856,"['JPM', 'INTC', 'V']",14.05335733110951
2016-10-07,8643.956883990031,"['AAPL', 'DIS', 'FB']",-0.6571125708251202
2016-10-10,8707.831732356688,"['FB', 'JNJ', 'JPM']",63.874848366656806
2016-10-11,8671.497072239647,"['AAPL', 'TSLA', 'FB']",-36.334660117041494
2016-10-12,8675.37463199901,"['JPM', 'AAPL', 'BAC']",3.8775597593630664
2016-10-13,8655.38607101024,"['AAPL', 'TSLA', 'JNJ']",-19.988560988769677
2016-10-14,8701.111314571193,"['MSFT', 'JNJ', 'INTC']",45.72524356095346
2016-10-17,8678.483278807713,"['AAPL', 'MSFT', 'V']",-22.62803576348051
2016-10-18,8639.169159241646,"['AAPL', 'BAC', 'JNJ']",-39.31411956606644
2016-10-19,8765.81908010253,"['JPM', 'TSLA', 'FB']",126.64992086088387
2016-10-20,8688.390747205325,"['TSLA', 'FB', 'V']",-77.42833289720511
2016-10-21,8703.044236025708,"['BAC', 'DIS', 'JNJ']",14.653488820382336
2016-10-24,8833.492464513223,"['FB', 'TSLA', 'MSFT']",130.44822848751573
2016-10-25,8805.03884276646,"['FB', 'TSLA', 'MSFT']",-28.45362174676302
2016-10-26,8737.145194896275,"['MSFT', 'AAPL', 'JNJ']",-67.8936478701853
2016-10-27,8786.850006628974,"['JPM', 'DIS', 'JNJ']",49.704811732699454
2016-10-28,8714.185678888553,"['TSLA', 'JNJ', 'DIS']",-72.66432774042187
2016-10-31,8728.663393595234,"['FB', 'INTC', 'V']",14.477714706681581
2016-11-01,8668.79167671435,"['JPM', 'JNJ', 'V']",-59.87171688088347
2016-11-02,8616.147179392254,"['JPM', 'BAC', 'MSFT']",-52.64449732209687
2016-11-03,8551.071663838047,"['AAPL', 'BAC', 'INTC']",-65.0755155542065
2016-11-04,8514.719389495998,"['DIS', 'JNJ', 'V']",-36.352274342048986
2016-11-07,8625.314142155381,"['JNJ', 'TSLA', 'FB']",110.59475265938272
2016-11-08,8670.122159614286,"['JPM', 'TSLA', 'V']",44.80801745890494
2016-11-09,8568.894634066277,"['AAPL', 'TSLA', 'FB']",-101.227525548009
2016-11-10,8808.762011820028,"['JPM', 'BAC', 'JNJ']",239.8673777537515
2016-11-11,8935.093656359963,"['JPM', 'BAC', 'DIS']",126.33164453993413
2016-11-14,8755.393623804626,"['AAPL', 'TSLA', 'DIS']",-179.7000325553363
2016-11-15,8754.958120511303,"['JPM', 'BAC', 'DIS']",-0.4355032933235634
2016-11-16,8814.55316509945,"['AAPL', 'TSLA', 'FB']",59.595044588148085
2016-11-17,8857.21902028194,"['AAPL', 'DIS', 'V']",42.665855182489395
2016-11-18,8771.850839779761,"['TSLA', 'FB', 'V']",-85.3681805021788
2016-11-21,8866.972529479432,"['AAPL', 'BAC', 'INTC']",95.12168969967024
2016-11-22,8797.863300081284,"['AAPL', 'FB', 'V']",-69.10922939814736
2016-11-23,8817.263790652793,"['JPM', 'TSLA', 'INTC']",19.40049057150827
2016-11-25,8886.309109531743,"['JPM', 'TSLA', 'DIS']",69.04531887895064
2016-11-28,8813.55752400643,"['TSLA', 'JNJ', 'V']",-72.7515855253132
2016-11-29,8841.056174011348,"['DIS', 'MSFT', 'INTC']",27.49865000491809
2016-11-30,8811.735998187918,"['JPM', 'DIS', 'FB']",-29.320175823429963
2016-12-01,8807.315898584506,"['JPM', 'BAC', 'TSLA']",-4.420099603412382
2016-12-02,8778.915933975735,"['JPM', 'BAC', 'JNJ']",-28.39996460877046
2016-12-05,8777.060752397581,"['AAPL', 'JNJ', 'INTC']",-1.8551815781538608
2016-12-06,8751.623291611422,"['TSLA', 'FB', 'V']",-25.437460786159136
2016-12-07,8832.06823794589,"['JPM', 'AAPL', 'DIS']",80.44494633446811
2016-12-08,8800.576559772913,"['TSLA', 'MSFT', 'V']",-31.491678172977117
2016-12-09,8903.205122503356,"['JPM', 'AAPL', 'DIS']",102.62856273044235
2016-12-12,8945.587317692742,"['AAPL', 'DIS', 'JNJ']",42.38219518938604
2016-12-13,9116.728905540069,"['TSLA', 'JNJ', 'INTC']",171.14158784732717
2016-12-14,9122.484667467124,"['AAPL', 'TSLA', 'FB']",5.755761927055573
2016-12-15,9181.159078088562,"['BAC', 'TSLA', 'DIS']",58.674410621437346
2016-12-16,9147.137506572148,"['JPM', 'AAPL', 'JNJ']",-34.02157151641404
2016-12-19,9172.050486511205,"['AAPL', 'TSLA', 'JNJ']",24.91297993905755
2016-12-20,9180.977191750877,"['AAPL', 'DIS', 'MSFT']",8.926705239671719
2016-12-21,9153.865093369273,"['JPM', 'TSLA', 'INTC']",-27.112098381603573
2016-12-22,9134.671725415428,"['JPM', 'AAPL', 'DIS']",-19.193367953845154
2016-12-23,9225.42400761829,"['JPM', 'TSLA', 'JNJ']",90.75228220286226
2016-12-27,9321.19226147169,"['TSLA', 'JNJ', 'V']",95.76825385339907
2016-12-28,9282.217420579831,"['AAPL', 'TSLA', 'FB']",-38.97484089185855
2016-12-29,9166.429811074104,"['BAC', 'TSLA', 'V']",-115.78760950572723
2016-12-30,9136.993994024418,"['DIS', 'JNJ', 'V']",-29.435817049685284
2017-01-03,9246.08600964345,"['JPM', 'BAC', 'JNJ']",109.09201561903137
2017-01-04,9475.898555153286,"['TSLA', 'FB', 'DIS']",229.81254550983613
2017-01-05,9523.487612286195,"['TSLA', 'FB', 'DIS']",47.58905713290915
2017-01-06,9624.202653097793,"['JNJ', 'FB', 'V']",100.71504081159765
2017-01-09,9676.483533945731,"['TSLA', 'FB', 'DIS']",52.28088084793853
2017-01-10,9645.868620194147,"['AAPL', 'TSLA', 'FB']",-30.614913751584027
2017-01-11,9705.546575894836,"['JPM', 'AAPL', 'BAC']",59.67795570068847
2017-01-12,9649.175131145203,"['AAPL', 'DIS', 'FB']",-56.371444749633156
2017-01-13,9806.620979170231,"['JNJ', 'TSLA', 'FB']",157.44584802502868
2017-01-17,9762.091556661511,"['TSLA', 'FB', 'DIS']",-44.52942250872002
2017-01-18,9770.219381253486,"['AAPL', 'JNJ', 'V']",8.127824591974786
2017-01-19,9804.77795387505,"['BAC', 'JPM', 'TSLA']",34.558572621563144
2017-01-20,9838.139031137867,"['BAC', 'TSLA', 'V']",33.36107726281807
2017-01-23,9889.335569403533,"['TSLA', 'MSFT', 'DIS']",51.19653826566537
2017-01-24,10019.275298380486,"['TSLA', 'FB', 'V']",129.93972897695312
2017-01-25,10095.965577021434,"['JPM', 'TSLA', 'V']",76.69027864094824
2017-01-26,10159.061647879655,"['JPM', 'AAPL', 'FB']",63.09607085822063
2017-01-27,10230.347130407295,"['JPM', 'MSFT', 'FB']",71.28548252764085
2017-01-30,10240.298452384104,"['JNJ', 'DIS', 'MSFT']",9.951321976808686
2017-01-31,10194.622434045741,"['DIS', 'JNJ', 'V']",-45.676018338363065
2017-02-01,10364.962561985682,"['AAPL', 'TSLA', 'JNJ']",170.34012793994043
2017-02-02,10275.661149099498,"['AAPL', 'DIS', 'FB']",-89.30141288618324
2017-02-03,10284.181475338059,"['TSLA', 'JNJ', 'INTC']",8.520326238560301
2017-02-06,10233.081233270968,"['JPM', 'BAC', 'V']",-51.10024206709022
2017-02-07,10256.024781768641,"['AAPL', 'TSLA', 'FB']",22.943548497672964
2017-02-08,10269.691898381006,"['AAPL', 'JNJ', 'INTC']",13.667116612365135
2017-02-09,10385.897455038568,"['AAPL', 'TSLA', 'FB']",116.20555665756183
2017-02-10,10370.49982380237,"['JPM', 'AAPL', 'TSLA']",-15.397631236197412
2017-02-13,10407.822249861256,"['FB', 'JNJ', 'V']",37.32242605888496
2017-02-14,10513.041590981771,"['JPM', 'AAPL', 'TSLA']",105.21934112051531
2017-02-15,10561.297167604353,"['JPM', 'AAPL', 'DIS']",48.25557662258143
2017-02-16,10580.170812040571,"['JPM', 'JNJ', 'V']",18.873644436218456
2017-02-17,10574.592584841403,"['FB', 'DIS', 'JNJ']",-5.578227199168396
2017-02-21,10690.581471782294,"['AAPL', 'TSLA', 'JNJ']",115.98888694089146
2017-02-22,10647.255254317864,"['AAPL', 'TSLA', 'JNJ']",-43.32621746442965
2017-02-23,10599.85693914032,"['AAPL', 'DIS', 'FB']",-47.398315177544646
2017-02-24,10663.355687512823,"['MSFT', 'JNJ', 'V']",63.49874837250354
2017-02-27,10501.943575042758,"['TSLA', 'JNJ', 'DIS']",-161.41211247006504
2017-02-28,10496.823363065818,"['AAPL', 'BAC', 'FB']",-5.120211976940482
2017-03-01,10739.190673262561,"['BAC', 'JPM', 'TSLA']",242.36731019674335
2017-03-02,10644.905724668399,"['JPM', 'AAPL', 'FB']",-94.28494859416242
2017-03-03,10663.95072114917,"['TSLA', 'JNJ', 'INTC']",19.04499648077035
2017-03-06,10629.460401224427,"['AAPL', 'TSLA', 'DIS']",-34.490319924741925
2017-03-07,10638.313698362286,"['MSFT', 'FB', 'V']",8.853297137859045
2017-03-08,10606.627818237293,"['AAPL', 'DIS', 'INTC']",-31.685880124992764
2017-03-09,10658.53840224128,"['FB', 'MSFT', 'JNJ']",51.910584003986514
2017-03-10,10668.756114557735,"['FB', 'JNJ', 'JPM']",10.217712316454708
2017-03-13,10706.104949938253,"['AAPL', 'FB', 'V']",37.34883538051872
2017-03-14,10895.725848632655,"['TSLA', 'FB', 'DIS']",189.62089869440206
2017-03-15,10904.141976281848,"['TSLA', 'JNJ', 'DIS']",8.416127649192276
2017-03-16,10903.025181137544,"['FB', 'AAPL', 'JNJ']",-1.1167951443039783
2017-03-17,10873.420490486147,"['AAPL', 'TSLA', 'FB']",-29.604690651396595
2017-03-20,10850.640334239704,"['MSFT', 'INTC', 'V']",-22.780156246442857
2017-03-21,10623.198971639005,"['AAPL', 'DIS', 'TSLA']",-227.441362600699
2017-03-22,10674.22022743932,"['JNJ', 'MSFT', 'INTC']",51.021255800314975
2017-03-23,10656.901933319707,"['AAPL', 'TSLA', 'FB']",-17.31829411961371
2017-03-24,10674.628182969816,"['BAC', 'DIS', 'V']",17.72624965010982
2017-03-27,10760.005245828452,"['TSLA', 'FB', 'V']",85.37706285863533
2017-03-28,10873.361951161947,"['TSLA', 'JNJ', 'DIS']",113.35670533349548
2017-03-29,10903.268161592616,"['AAPL', 'TSLA', 'FB']",29.90621043066858
2017-03-30,10905.685110016739,"['MSFT', 'AAPL', 'FB']",2.416948424122893
2017-03-31,10868.8110634674,"['JPM', 'DIS', 'TSLA']",-36.874046549339255
2017-04-03,11135.006083522348,"['TSLA', 'INTC', 'DIS']",266.19502005494905
2017-04-04,11160.973119217859,"['TSLA', 'FB', 'V']",25.967035695510276
2017-04-05,10987.400727355409,"['JPM', 'AAPL', 'TSLA']",-173.57239186244988
2017-04-06,10979.648526486757,"['JNJ', 'FB', 'V']",-7.752200868651926
2017-04-07,11010.197984794851,"['JPM', 'TSLA', 'JNJ']",30.549458308094472
2017-04-10,11097.876994847857,"['TSLA', 'MSFT', 'INTC']",87.67901005300519
2017-04-11,11024.50636705921,"['TSLA', 'FB', 'V']",-73.37062778864674
2017-04-12,11002.469778451352,"['DIS', 'MSFT', 'V']",-22.036588607857993
2017-04-13,10976.271984900703,"['AAPL', 'DIS', 'JNJ']",-26.197793550649294
2017-04-17,11002.907262411816,"['TSLA', 'V', 'DIS']",26.6352775111136
2017-04-18,10957.80891771398,"['JPM', 'FB', 'V']",-45.09834469783709
2017-04-19,10958.717539619738,"['DIS', 'V', 'INTC']",0.9086219057589915
2017-04-20,10989.478445114491,"['TSLA', 'FB', 'INTC']",30.760905494753388
2017-04-21,10982.04964074181,"['AAPL', 'FB', 'V']",-7.428804372681043
2017-04-24,11116.795180114797,"['TSLA', 'MSFT', 'INTC']",134.74553937298697
2017-04-25,11244.256450211122,"['JPM', 'TSLA', 'FB']",127.46127009632437
2017-04-26,11215.824581773924,"['TSLA', 'FB', 'DIS']",-28.43186843719741
2017-04-27,11196.529065344377,"['JPM', 'DIS', 'JNJ']",-19.295516429547206
2017-04-28,11143.721102460888,"['MSFT', 'FB', 'INTC']",-52.80796288348938
2017-05-01,11353.510590241294,"['MSFT', 'TSLA', 'FB']",209.7894877804065
2017-05-02,11339.277085810185,"['AAPL', 'TSLA', 'FB']",-14.233504431109395
2017-05-03,11352.758797035942,"['AAPL', 'INTC', 'V']",13.481711225756953
2017-05-04,11356.541530304694,"['JPM', 'BAC', 'INTC']",3.782733268752054
2017-05-05,11317.095604258795,"['JPM', 'JNJ', 'V']",-39.44592604589889
2017-05-08,11386.268740713398,"['AAPL', 'TSLA', 'DIS']",69.17313645460308
2017-05-09,11399.173181367478,"['AAPL', 'BAC', 'FB']",12.904440654079735
2017-05-10,11346.286641756054,"['AAPL', 'TSLA', 'DIS']",-52.88653961142336
2017-05-11,11263.56997416561,"['JPM', 'TSLA', 'MSFT']",-82.71666759044456
2017-05-12,11318.494210109922,"['AAPL', 'BAC', 'JNJ']",54.924235944312386
2017-05-15,11225.443142790005,"['AAPL', 'TSLA', 'V']",-93.05106731991691
2017-05-16,11256.782672112882,"['JPM', 'JNJ', 'V']",31.339529322876842
2017-05-17,10991.127160997901,"['JNJ', 'TSLA', 'MSFT']",-265.655511114981
2017-05-18,11016.628207425605,"['JNJ', 'V', 'INTC']",25.50104642770384
2017-05-19,11012.936288045672,"['AAPL', 'TSLA', 'FB']",-3.691919379933097
2017-05-22,11046.174652023796,"['JPM', 'DIS', 'V']",33.23836397812374
2017-05-23,11075.706972747841,"['AAPL', 'MSFT', 'V']",29.53232072404535
2017-05-24,11106.186711758639,"['JPM', 'BAC', 'V']",30.479739010797857
2017-05-25,11241.422864771426,"['TSLA', 'FB', 'V']",135.23615301278733
2017-05-26,11362.19676409201,"['MSFT', 'TSLA', 'FB']",120.77389932058395
2017-05-30,11500.131970230466,"['TSLA', 'MSFT', 'DIS']",137.93520613845612
2017-05-31,11513.562390484993,"['FB', 'TSLA', 'MSFT']",13.430420254526325
2017-06-01,11529.070880922678,"['TSLA', 'JNJ', 'V']",15.508490437685396
2017-06-02,11605.383017783399,"['JPM', 'AAPL', 'JNJ']",76.31213686072078
2017-06-05,11596.09295889919,"['MSFT', 'AAPL', 'FB']",-9.29005888420943
2017-06-06,11640.045119193943,"['TSLA', 'MSFT', 'V']",43.95216029475341
2017-06-07,11735.558614809337,"['AAPL', 'TSLA', 'JNJ']",95.51349561539428
2017-06-08,11887.050734302977,"['JPM', 'AAPL', 'TSLA']",151.49211949363962
2017-06-09,11714.138396209293,"['JPM', 'TSLA', 'FB']",-172.9123380936835
2017-06-12,11776.142245997838,"['JPM', 'DIS', 'JNJ']",62.00384978854527
2017-06-13,11949.715637495012,"['TSLA', 'JNJ', 'DIS']",173.57339149717336
2017-06-14,11998.3060577097,"['TSLA', 'FB', 'V']",48.59042021468849
2017-06-15,11902.292577596007,"['TSLA', 'JNJ', 'V']",-96.01348011369373
2017-06-16,11912.527774501797,"['DIS', 'JNJ', 'INTC']",10.235196905790872
2017-06-19,12012.38639614098,"['FB', 'MSFT', 'JNJ']",99.85862163918318
2017-06-20,11934.749581245072,"['JPM', 'AAPL', 'FB']",-77.63681489590817
2017-06-21,11938.69094769765,"['BAC', 'TSLA', 'JNJ']",3.9413664525782224
2017-06-22,11984.613044807753,"['AAPL', 'TSLA', 'FB']",45.922097110102186
2017-06-23,12058.55708773145,"['MSFT', 'TSLA', 'JNJ']",73.94404292369654
2017-06-26,11966.67178379322,"['MSFT', 'FB', 'V']",-91.88530393823021
2017-06-27,12063.882186664587,"['BAC', 'JPM', 'DIS']",97.21040287136748
2017-06-28,12305.44950330691,"['JPM', 'BAC', 'DIS']",241.56731664232393
2017-06-29,12070.184024588889,"['AAPL', 'TSLA', 'FB']",-235.26547871802177
2017-06-30,12095.284598777034,"['JPM', 'BAC', 'INTC']",25.1005741881454
2017-07-03,11996.512565203353,"['TSLA', 'MSFT', 'DIS']",-98.77203357368126
2017-07-05,11990.7760651649,"['JPM', 'DIS', 'JNJ']",-5.736500038452505
2017-07-06,11908.057488031269,"['JPM', 'MSFT', 'FB']",-82.7185771336317
2017-07-07,11998.832484143135,"['JPM', 'BAC', 'MSFT']",90.77499611186613
2017-07-10,12113.786945431508,"['AAPL', 'TSLA', 'FB']",114.95446128837284
2017-07-11,12316.647194301138,"['TSLA', 'FB', 'V']",202.8602488696306
2017-07-12,12447.411158980858,"['AAPL', 'TSLA', 'FB']",130.76396467971972
2017-07-13,12416.033054842846,"['MSFT', 'TSLA', 'FB']",-31.378104138011622
2017-07-14,12472.0591701142,"['JPM', 'AAPL', 'MSFT']",56.026115271353774
2017-07-17,12378.14471458863,"['AAPL', 'TSLA', 'V']",-93.91445552556979
2017-07-18,12421.636298234247,"['AAPL', 'MSFT', 'V']",43.49158364561663
2017-07-19,12439.683508838461,"['JNJ', 'TSLA', 'FB']",18.047210604214342
2017-07-20,12451.826873697844,"['AAPL', 'DIS', 'FB']",12.143364859382928
2017-07-21,12383.972226372436,"['TSLA', 'JNJ', 'DIS']",-67.85464732540822
2017-07-24,12438.54401511991,"['AAPL', 'INTC', 'V']",54.571788747472965
2017-07-25,12402.934064980094,"['AAPL', 'TSLA', 'FB']",-35.60995013981483
2017-07-26,12375.861958031812,"['JPM', 'AAPL', 'MSFT']",-27.072106948282453
2017-07-27,12132.890913669442,"['AAPL', 'TSLA', 'V']",-242.97104436236987
2017-07-28,12218.43584017728,"['DIS', 'FB', 'INTC']",85.54492650783868
2017-07-31,12028.735143653086,"['JNJ', 'TSLA', 'FB']",-189.70069652419443
2017-08-01,12128.87159337112,"['JPM', 'JNJ', 'V']",100.13644971803296
2017-08-02,12339.814872959147,"['JPM', 'AAPL', 'V']",210.9432795880275
2017-08-03,12538.275038555355,"['AAPL', 'TSLA', 'V']",198.46016559620875
2017-08-04,12596.422101448814,"['TSLA', 'JNJ', 'DIS']",58.1470628934585
2017-08-07,12650.5109906921,"['JPM', 'TSLA', 'FB']",54.08888924328676
2017-08-08,12657.118082443289,"['AAPL', 'FB', 'V']",6.607091751187909
2017-08-09,12499.757590672207,"['AAPL', 'TSLA', 'DIS']",-157.3604917710818
2017-08-10,12311.423098888841,"['AAPL', 'JNJ', 'INTC']",-188.3344917833656
2017-08-11,12236.835387090412,"['BAC', 'JNJ', 'INTC']",-74.58771179842915
2017-08-14,12427.135618122737,"['AAPL', 'TSLA', 'MSFT']",190.30023103232452
2017-08-15,12461.812341585555,"['AAPL', 'TSLA', 'FB']",34.6767234628187
2017-08-16,12455.473774694357,"['AAPL', 'FB', 'V']",-6.338566891197843
2017-08-17,12340.58079155648,"['DIS', 'JNJ', 'V']",-114.89298313787731
2017-08-18,12290.795627151554,"['BAC', 'INTC', 'DIS']",-49.785164404926036
2017-08-21,12309.010562503197,"['MSFT', 'FB', 'V']",18.214935351643362
2017-08-22,12446.11901936232,"['DIS', 'JNJ', 'V']",137.10845685912318
2017-08-23,12567.364635254784,"['AAPL', 'TSLA', 'FB']",121.24561589246332
2017-08-24,12543.818397479801,"['JPM', 'AAPL', 'TSLA']",-23.54623777498273
2017-08-25,12462.010477700082,"['BAC', 'TSLA', 'JNJ']",-81.80791977971967
2017-08-28,12496.821300229947,"['JPM', 'AAPL', 'DIS']",34.81082252986562
2017-08-29,12553.74451499368,"['AAPL', 'FB', 'V']",56.923214763732176
2017-08-30,12681.72353792953,"['AAPL', 'TSLA', 'FB']",127.97902293585139
2017-08-31,12808.688045629953,"['MSFT', 'TSLA', 'FB']",126.96450770042247
2017-09-01,12760.709772965589,"['JNJ', 'TSLA', 'FB']",-47.97827266436434
2017-09-05,12626.8799927497,"['JPM', 'DIS', 'V']",-133.8297802158886
2017-09-06,12699.668304076982,"['DIS', 'MSFT', 'INTC']",72.78831132728192
2017-09-07,12750.418098300006,"['JNJ', 'FB', 'INTC']",50.749794223023855
2017-09-08,12618.829720078933,"['TSLA', 'JNJ', 'V']",-131.58837822107307
2017-09-11,12771.236802468351,"['BAC', 'JPM', 'DIS']",152.40708238941806
2017-09-12,12729.869433214766,"['AAPL', 'TSLA', 'FB']",-41.36736925358491
2017-09-13,12849.64667882366,"['BAC', 'JPM', 'DIS']",119.77724560889328
2017-09-14,12918.157323169737,"['TSLA', 'MSFT', 'DIS']",68.51064434607724
2017-09-15,12919.903403907287,"['TSLA', 'JNJ', 'V']",1.7460807375500735
2017-09-18,12905.26054582882,"['AAPL', 'TSLA', 'FB']",-14.642858078466816
2017-09-19,12836.78110578963,"['JPM', 'TSLA', 'JNJ']",-68.47944003918929
2017-09-20,12840.301951630106,"['JPM', 'FB', 'V']",3.520845840475886
2017-09-21,12863.030981980226,"['BAC', 'JPM', 'DIS']",22.7290303501195
2017-09-22,12861.88064385792,"['JPM', 'INTC', 'V']",-1.1503381223064935
2017-09-25,12690.153185079249,"['MSFT', 'INTC', 'V']",-171.72745877867055
2017-09-26,12678.090176193047,"['DIS', 'JNJ', 'INTC']",-12.063008886201715
2017-09-27,12805.366830527651,"['AAPL', 'FB', 'INTC']",127.27665433460425
2017-09-28,12814.772703457544,"['JPM', 'AAPL', 'FB']",9.405872929892212
2017-09-29,12924.135915280916,"['FB', 'INTC', 'V']",109.3632118233727
2017-10-02,12885.604087453183,"['AAPL', 'TSLA', 'FB']",-38.53182782773365
2017-10-03,12977.03067784756,"['JPM', 'DIS', 'JNJ']",91.42659039437785
2017-10-04,13077.95983631305,"['TSLA', 'JNJ', 'DIS']",100.92915846548931
2017-10-05,13166.438298164117,"['MSFT', 'TSLA', 'JNJ']",88.47846185106755
2017-10-06,13191.002765707497,"['MSFT', 'AAPL', 'FB']",24.56446754337958
2017-10-09,13037.680947399807,"['TSLA', 'FB', 'V']",-153.32181830768968
2017-10-10,13051.537770967596,"['AAPL', 'MSFT', 'V']",13.856823567788524
2017-10-11,13115.785793470703,"['JPM', 'TSLA', 'JNJ']",64.24802250310677
2017-10-12,13103.431411172745,"['FB', 'JNJ', 'V']",-12.354382297957272
2017-10-13,13110.267539302446,"['JNJ', 'TSLA', 'MSFT']",6.836128129700228
2017-10-16,13195.856593192155,"['AAPL', 'FB', 'V']",85.58905388970925
2017-10-17,13242.27258880542,"['JPM', 'AAPL', 'FB']",46.415995613264386
2017-10-18,13285.209279206883,"['FB', 'TSLA', 'JNJ']",42.93669040146415
2017-10-19,13176.494145462362,"['JPM', 'TSLA', 'INTC']",-108.71513374452115
2017-10-20,13255.6641614467,"['MSFT', 'DIS', 'JNJ']",79.17001598433853
2017-10-23,13247.6106865916,"['JPM', 'BAC', 'MSFT']",-8.053474855099921
2017-10-24,13201.390658188106,"['MSFT', 'JNJ', 'INTC']",-46.220028403495235
2017-10-25,13230.261912717398,"['JPM', 'AAPL', 'V']",28.871254529292855
2017-10-26,13257.142124846923,"['JPM', 'JNJ', 'V']",26.880212129524807
2017-10-27,13405.570596716261,"['JPM', 'AAPL', 'DIS']",148.42847186933795
2017-10-30,13560.406234408267,"['MSFT', 'AAPL', 'FB']",154.83563769200555
2017-10-31,13625.616461550993,"['AAPL', 'FB', 'V']",65.21022714272658
2017-11-01,13546.495558743474,"['AAPL', 'TSLA', 'INTC']",-79.12090280751909
2017-11-02,13460.735332179669,"['DIS', 'FB', 'INTC']",-85.76022656380519
2017-11-03,13574.760401348201,"['JPM', 'AAPL', 'MSFT']",114.02506916853235
2017-11-06,13594.488375468496,"['AAPL', 'TSLA', 'V']",19.727974120294675
2017-11-07,13654.739660855003,"['AAPL', 'DIS', 'FB']",60.251285386506424
2017-11-08,13648.02377184104,"['AAPL', 'TSLA', 'DIS']",-6.715889013961714
2017-11-09,13594.15666008361,"['AAPL', 'JNJ', 'V']",-53.86711175743039
2017-11-10,13660.033369169381,"['JPM', 'DIS', 'FB']",65.87670908577093
2017-11-13,13825.899493994595,"['BAC', 'DIS', 'TSLA']",165.86612482521377
2017-11-14,13682.167594837862,"['JPM', 'TSLA', 'FB']",-143.73189915673356
2017-11-15,13536.481170207362,"['MSFT', 'INTC', 'V']",-145.68642463049946
2017-11-16,13561.688786627,"['BAC', 'JPM', 'TSLA']",25.207616419638725
2017-11-17,13558.625791228775,"['AAPL', 'TSLA', 'FB']",-3.0629953982261213
2017-11-20,13458.331679321996,"['BAC', 'TSLA', 'DIS']",-100.2941119067782
2017-11-21,13580.59418399231,"['JPM', 'MSFT', 'V']",122.26250467031423
2017-11-22,13529.325331677723,"['AAPL', 'TSLA', 'FB']",-51.268852314588
2017-11-24,13513.352469348454,"['AAPL', 'BAC', 'DIS']",-15.972862329268537
2017-11-27,13553.993821354867,"['TSLA', 'FB', 'V']",40.64135200641249
2017-11-28,13681.768226344038,"['MSFT', 'TSLA', 'JNJ']",127.77440498917167
2017-11-29,13887.163797275607,"['JPM', 'BAC', 'JNJ']",205.39557093156873
2017-11-30,13905.58120738004,"['BAC', 'JPM', 'DIS']",18.417410104433657
2017-12-01,13753.014668645814,"['AAPL', 'FB', 'V']",-152.56653873422692
2017-12-04,14032.219181428627,"['JPM', 'DIS', 'JNJ']",279.20451278281325
2017-12-05,13830.190328914096,"['BAC', 'JPM', 'DIS']",-202.02885251453154
2017-12-06,14011.477763408238,"['JNJ', 'FB', 'V']",181.28743449414287
2017-12-07,14054.829085459874,"['JNJ', 'TSLA', 'FB']",43.35132205163609
2017-12-08,14077.03047027166,"['AAPL', 'FB', 'V']",22.20138481178583
2017-12-11,14328.143121903211,"['JPM', 'TSLA', 'MSFT']",251.11265163155076
2017-12-12,14504.12965626414,"['AAPL', 'TSLA', 'DIS']",175.986534360929
2017-12-13,14424.976407983482,"['JPM', 'TSLA', 'JNJ']",-79.15324828065786
2017-12-14,14384.281246950992,"['JNJ', 'AAPL', 'FB']",-40.69516103249043
2017-12-15,14511.469206563492,"['AAPL', 'DIS', 'FB']",127.18795961249998
2017-12-18,14437.969098190955,"['FB', 'TSLA', 'MSFT']",-73.50010837253649
2017-12-19,14447.583104919777,"['JPM', 'AAPL', 'INTC']",9.61400672882155
2017-12-20,14388.447763162767,"['DIS', 'JNJ', 'INTC']",-59.13534175700988
2017-12-21,14375.492881829403,"['BAC', 'V', 'INTC']",-12.954881333364028
2017-12-22,14265.271933087723,"['JPM', 'AAPL', 'TSLA']",-110.22094874168033
2017-12-26,14255.899892368376,"['BAC', 'MSFT', 'V']",-9.372040719346842
2017-12-27,14307.521648928772,"['BAC', 'JNJ', 'V']",51.621756560396534
2017-12-28,14329.040586588497,"['JNJ', 'FB', 'V']",21.518937659724543
2017-12-29,14178.99172299428,"['JPM', 'AAPL', 'TSLA']",-150.04886359421653
2018-01-02,14460.890642740795,"['DIS', 'MSFT', 'INTC']",281.89891974651437
2018-01-03,14518.61158514193,"['TSLA', 'FB', 'DIS']",57.7209424011362
2018-01-04,14527.351058571752,"['JNJ', 'FB', 'V']",8.739473429821373
2018-01-05,14611.434222323258,"['JPM', 'AAPL', 'MSFT']",84.08316375150571
2018-01-08,14973.455678581506,"['TSLA', 'FB', 'V']",362.0214562582478
2018-01-09,14912.612306850397,"['TSLA', 'FB', 'V']",-60.84337173110907
2018-01-10,15007.430673734641,"['JPM', 'BAC', 'JNJ']",94.81836688424482
2018-01-11,15099.279804957481,"['BAC', 'JPM', 'TSLA']",91.84913122283979
2018-01-12,15192.602258655224,"['AAPL', 'TSLA', 'DIS']",93.32245369774319
2018-01-16,15078.236170841654,"['JPM', 'AAPL', 'MSFT']",-114.36608781357063
2018-01-17,15253.66064360329,"['TSLA', 'JNJ', 'V']",175.42447276163693
2018-01-18,15218.013167033616,"['AAPL', 'TSLA', 'MSFT']",-35.647476569674836
2018-01-19,15281.830000389338,"['BAC', 'FB', 'V']",63.81683335572234
2018-01-22,15445.846246329707,"['JNJ', 'TSLA', 'FB']",164.01624594036912
2018-01-23,15585.939871959645,"['MSFT', 'FB', 'V']",140.09362562993738
2018-01-24,15403.334717386573,"['TSLA', 'FB', 'V']",-182.60515457307156
2018-01-25,15488.873155165886,"['JPM', 'BAC', 'JNJ']",85.53843777931252
2018-01-26,15636.876649826594,"['FB', 'JNJ', 'V']",148.00349466070838
2018-01-29,15617.742530442387,"['TSLA', 'FB', 'INTC']",-19.134119384207224
2018-01-30,15374.025831158993,"['BAC', 'TSLA', 'INTC']",-243.7166992833936
2018-01-31,15401.135074336577,"['AAPL', 'BAC', 'FB']",27.109243177583267
2018-02-01,15348.867201654804,"['TSLA', 'MSFT', 'V']",-52.26787268177213
2018-02-02,15106.021217752146,"['JNJ', 'DIS', 'FB']",-242.8459839026582
2018-02-05,14476.53676397438,"['BAC', 'INTC', 'DIS']",-629.4844537777662
2018-02-06,14884.335107203053,"['BAC', 'MSFT', 'INTC']",407.7983432286728
2018-02-07,14627.541736905541,"['AAPL', 'FB', 'V']",-256.7933702975115
2018-02-08,13726.955450305944,"['JPM', 'TSLA', 'INTC']",-900.5862865995969
2018-02-09,14024.72516902096,"['BAC', 'INTC', 'DIS']",297.7697187150152
2018-02-12,14109.761102984241,"['MSFT', 'FB', 'JNJ']",85.03593396328142
2018-02-13,14270.242258797241,"['AAPL', 'TSLA', 'V']",160.48115581300044
2018-02-14,14360.032561600703,"['AAPL', 'TSLA', 'DIS']",89.7903028034616
2018-02-15,14552.467071242565,"['JPM', 'AAPL', 'FB']",192.43450964186195
2018-02-16,14522.904418333912,"['AAPL', 'TSLA', 'MSFT']",-29.562652908653035
2018-02-20,14404.627345986719,"['TSLA', 'JNJ', 'DIS']",-118.2770723471931
2018-02-21,14239.361595797014,"['MSFT', 'V', 'INTC']",-165.2657501897047
2018-02-22,14232.714022843003,"['JPM', 'BAC', 'FB']",-6.647572954010684
2018-02-23,14509.781634862402,"['AAPL', 'TSLA', 'FB']",277.06761201939844
2018-02-26,14722.46197223727,"['AAPL', 'TSLA', 'FB']",212.68033737486803
2018-02-27,14397.499931205075,"['AAPL', 'TSLA', 'DIS']",-324.962041032195
2018-02-28,14238.498317517246,"['BAC', 'JNJ', 'INTC']",-159.00161368782938
2018-03-01,14034.869540598169,"['AAPL', 'BAC', 'MSFT']",-203.6287769190767
2018-03-02,14086.394851951783,"['BAC', 'MSFT', 'DIS']",51.5253113536146
2018-03-05,14113.205839820232,"['AAPL', 'TSLA', 'JNJ']",26.810987868448137
2018-03-06,14069.475486118377,"['JPM', 'FB', 'V']",-43.730353701854256
2018-03-07,14048.046531452525,"['JPM', 'DIS', 'INTC']",-21.42895466585287
2018-03-08,14077.623932711605,"['JNJ', 'TSLA', 'FB']",29.577401259080943
2018-03-09,14324.927374669987,"['MSFT', 'AAPL', 'JNJ']",247.30344195838188
2018-03-12,14343.602816843606,"['JPM', 'AAPL', 'FB']",18.67544217361865
2018-03-13,14181.308312463527,"['AAPL', 'TSLA', 'DIS']",-162.29450438007916
2018-03-14,14085.048869950351,"['BAC', 'JNJ', 'INTC']",-96.2594425131756
2018-03-15,13958.091307862464,"['DIS', 'FB', 'INTC']",-126.95756208788771
2018-03-16,14042.744978490166,"['MSFT', 'JNJ', 'V']",84.65367062770201
2018-03-19,13555.790582772534,"['JNJ', 'FB', 'V']",-486.954395717632
2018-03-20,13624.135762478625,"['JPM', 'BAC', 'INTC']",68.34517970609159
2018-03-21,13562.88081974618,"['JNJ', 'INTC', 'V']",-61.25494273244476
2018-03-22,13282.48575334148,"['TSLA', 'FB', 'DIS']",-280.39506640470063
2018-03-23,12863.782327823472,"['BAC', 'DIS', 'INTC']",-418.70342551800786
2018-03-26,13413.321315978532,"['BAC', 'INTC', 'DIS']",549.53898815506
2018-03-27,12973.112134211882,"['AAPL', 'MSFT', 'V']",-440.20918176664964
2018-03-28,12827.908829778153,"['BAC', 'JNJ', 'INTC']",-145.2033044337295
2018-03-29,13130.211885668834,"['JNJ', 'MSFT', 'FB']",302.3030558906812
2018-04-02,12740.203341000411,"['TSLA', 'FB', 'V']",-390.0085446684225
2018-04-03,12853.395915194025,"['AAPL', 'BAC', 'V']",113.19257419361384
2018-04-04,13314.938870118858,"['AAPL', 'TSLA', 'JNJ']",461.5429549248329
2018-04-05,13638.603226249528,"['AAPL', 'TSLA', 'MSFT']",323.66435613067006
2018-04-06,13368.706902814718,"['JPM', 'TSLA', 'FB']",-269.89632343481026
2018-04-09,13445.35206974378,"['BAC', 'INTC', 'DIS']",76.64516692906182
2018-04-10,13642.000104769468,"['JPM', 'AAPL', 'JNJ']",196.64803502568793
2018-04-11,13599.744214908913,"['AAPL', 'TSLA', 'FB']",-42.25588986055482
2018-04-12,13658.243260711344,"['DIS', 'FB', 'INTC']",58.49904580243128
2018-04-13,13526.056880553406,"['JPM', 'AAPL', 'MSFT']",-132.1863801579384
2018-04-16,13425.619524799187,"['AAPL', 'TSLA', 'FB']",-100.43735575421852
2018-04-17,13516.278336587913,"['AAPL', 'JNJ', 'V']",90.65881178872587
2018-04-18,13469.474449080428,"['AAPL', 'FB', 'V']",-46.80388750748534
2018-04-19,13538.360411271293,"['TSLA', 'MSFT', 'V']",68.88596219086503
2018-04-20,13331.422593812922,"['JPM', 'TSLA', 'FB']",-206.93781745837077
2018-04-23,13328.009130175797,"['JPM', 'BAC', 'V']",-3.41346363712546
2018-04-24,13087.818995052396,"['JNJ', 'MSFT', 'V']",-240.19013512340098
2018-04-25,13032.026392049236,"['BAC', 'TSLA', 'INTC']",-55.792603003159456
2018-04-26,13033.73417499103,"['AAPL', 'DIS', 'JNJ']",1.7077829417939938
2018-04-27,13113.73715724159,"['TSLA', 'FB', 'V']",80.00298225056031
2018-04-30,12945.551711641474,"['JNJ', 'TSLA', 'MSFT']",-168.1854456001165
2018-05-01,13055.633412525378,"['AAPL', 'DIS', 'V']",110.08170088390398
2018-05-02,13321.043625156752,"['AAPL', 'TSLA', 'FB']",265.4102126313737
2018-05-03,13031.15606143693,"['AAPL', 'TSLA', 'FB']",-289.8875637198216
2018-05-04,13285.377201428557,"['AAPL', 'MSFT', 'V']",254.22113999162684
2018-05-07,13482.223548452475,"['AAPL', 'TSLA', 'FB']",196.8463470239185
2018-05-08,13464.07956534029,"['TSLA', 'FB', 'DIS']",-18.143983112186106
2018-05-09,13687.350272471751,"['JPM', 'AAPL', 'FB']",223.27070713146168
2018-05-10,13767.22911547755,"['JPM', 'TSLA', 'FB']",79.87884300579935
2018-05-11,13855.081677042708,"['JNJ', 'AAPL', 'FB']",87.85256156515788
2018-05-14,13782.235844159683,"['FB', 'JNJ', 'V']",-72.84583288302565
2018-05-15,13688.481501807553,"['DIS', 'MSFT', 'INTC']",-93.75434235212924
2018-05-16,13751.776002402188,"['BAC', 'DIS', 'V']",63.29450059463488
2018-05-17,13661.198958035047,"['AAPL', 'TSLA', 'DIS']",-90.57704436714084
2018-05-18,13444.307724330243,"['BAC', 'FB', 'INTC']",-216.8912337048041
2018-05-21,13508.398408680161,"['MSFT', 'JNJ', 'V']",64.09068434991786
2018-05-22,13330.232728166895,"['AAPL', 'TSLA', 'FB']",-178.16568051326612
2018-05-23,13307.076227244233,"['JPM', 'BAC', 'INTC']",-23.156500922661508
2018-05-24,13259.7186026865,"['AAPL', 'TSLA', 'FB']",-47.35762455773329
2018-05-25,13242.062240443858,"['AAPL', 'BAC', 'V']",-17.65636224264199
2018-05-29,13294.313803071345,"['AAPL', 'TSLA', 'INTC']",52.25156262748715
2018-05-30,13493.508427056619,"['TSLA', 'FB', 'INTC']",199.1946239852732
2018-05-31,13428.61132172949,"['JPM', 'TSLA', 'FB']",-64.89710532712888
2018-06-01,13572.955319682593,"['MSFT', 'FB', 'V']",144.3439979531031
2018-06-04,13670.488718548844,"['AAPL', 'TSLA', 'FB']",97.53339886625145
2018-06-05,13636.276032326743,"['AAPL', 'TSLA', 'V']",-34.21268622210118
2018-06-06,13757.943534306403,"['AAPL', 'MSFT', 'V']",121.6675019796603
2018-06-07,13645.17293041361,"['JPM', 'TSLA', 'V']",-112.77060389279359
2018-06-08,13751.846039831087,"['JPM', 'DIS', 'JNJ']",106.67310941747746
2018-06-11,14035.679602646193,"['TSLA', 'FB', 'DIS']",283.8335628151053
2018-06-12,14206.106148331612,"['TSLA', 'FB', 'DIS']",170.42654568541911
2018-06-13,14178.810831811534,"['AAPL', 'TSLA', 'V']",-27.295316520077904
2018-06-14,14508.47100229739,"['TSLA', 'INTC', 'DIS']",329.6601704858567
2018-06-15,14495.411958645975,"['TSLA', 'FB', 'DIS']",-13.059043651415777
2018-06-18,14654.70347182464,"['TSLA', 'JNJ', 'V']",159.2915131786649
2018-06-19,14354.610793632892,"['TSLA', 'FB', 'V']",-300.09267819174784
2018-06-20,14378.565260480806,"['MSFT', 'BAC', 'JNJ']",23.954466847913864
2018-06-21,14115.70044184292,"['TSLA', 'FB', 'DIS']",-262.86481863788504
2018-06-22,13996.08443514317,"['JPM', 'BAC', 'FB']",-119.61600669975087
2018-06-25,13751.985891808581,"['DIS', 'JNJ', 'V']",-244.0985433345886
2018-06-26,13876.419280932809,"['BAC', 'JNJ', 'TSLA']",124.43338912422769
2018-06-27,13830.009941086348,"['AAPL', 'TSLA', 'FB']",-46.40933984646108
2018-06-28,14006.41118434487,"['BAC', 'AAPL', 'TSLA']",176.4012432585223
2018-06-29,13870.602278625296,"['JPM', 'TSLA', 'V']",-135.8089057195739
2018-07-02,14004.758158121987,"['DIS', 'MSFT', 'INTC']",134.15587949669134
2018-07-03,13769.127642995929,"['MSFT', 'AAPL', 'FB']",-235.63051512605853
2018-07-05,13996.66591871457,"['BAC', 'JNJ', 'INTC']",227.53827571864167
2018-07-06,14165.03938216627,"['JNJ', 'FB', 'V']",168.37346345169863
2018-07-09,14297.888931612202,"['MSFT', 'AAPL', 'FB']",132.849549445933
2018-07-10,14322.071061239163,"['JPM', 'AAPL', 'TSLA']",24.182129626960887
2018-07-11,14278.373325071972,"['TSLA', 'JNJ', 'V']",-43.69773616719067
2018-07-12,14451.056119274817,"['DIS', 'MSFT', 'V']",172.6827942028449
2018-07-13,14525.261725539418,"['MSFT', 'AAPL', 'FB']",74.20560626460065
2018-07-16,14377.019945220476,"['TSLA', 'MSFT', 'DIS']",-148.2417803189419
2018-07-17,14414.91435342077,"['JPM', 'BAC', 'DIS']",37.89440820029449
2018-07-18,14369.018475546258,"['FB', 'TSLA', 'JNJ']",-45.895877874512735
2018-07-19,14218.874460470364,"['JPM', 'TSLA', 'V']",-150.14401507589355
2018-07-20,14174.14844768889,"['AAPL', 'DIS', 'INTC']",-44.7260127814734
2018-07-23,14359.447477317004,"['MSFT', 'FB', 'JPM']",185.2990296281132
2018-07-24,14464.817711109197,"['FB', 'JPM', 'MSFT']",105.37023379219318
2018-07-25,14546.267204342354,"['JNJ', 'AAPL', 'FB']",81.44949323315632
2018-07-26,13541.13824089072,"['FB', 'TSLA', 'MSFT']",-1005.1289634516343
2018-07-27,13567.25453842524,"['BAC', 'DIS', 'JNJ']",26.116297534521436
2018-07-30,13652.252921975565,"['JPM', 'BAC', 'JNJ']",84.99838355032443
2018-07-31,13532.411663679832,"['JPM', 'BAC', 'JNJ']",-119.8412582957335
2018-08-01,13525.518485738883,"['TSLA', 'FB', 'DIS']",-6.89317794094859
2018-08-02,14408.99241975719,"['AAPL', 'TSLA', 'V']",883.4739340183078
2018-08-03,14442.460762232582,"['AAPL', 'TSLA', 'FB']",33.46834247539118
2018-08-06,14735.954074227964,"['JPM', 'DIS', 'FB']",293.4933119953821
2018-08-07,14666.441347614662,"['AAPL', 'DIS', 'FB']",-69.51272661330222
2018-08-08,14466.738119552501,"['TSLA', 'MSFT', 'DIS']",-199.70322806216063
2018-08-09,14397.274089655319,"['MSFT', 'FB', 'V']",-69.46402989718263
2018-08-10,14291.443957382839,"['AAPL', 'DIS', 'MSFT']",-105.83013227248011
2018-08-13,14211.695162380653,"['BAC', 'TSLA', 'V']",-79.74879500218594
2018-08-14,14133.669837932666,"['AAPL', 'TSLA', 'V']",-78.02532444798635
2018-08-15,14039.688330637575,"['FB', 'AAPL', 'MSFT']",-93.98150729509143
2018-08-16,14166.459595040746,"['AAPL', 'DIS', 'JNJ']",126.77126440317079
2018-08-17,14331.693087494874,"['JPM', 'AAPL', 'JNJ']",165.23349245412828
2018-08-20,14357.58172165694,"['AAPL', 'JNJ', 'V']",25.8886341620655
2018-08-21,14536.191808805826,"['BAC', 'TSLA', 'JNJ']",178.61008714888703
2018-08-22,14459.573975079289,"['JPM', 'TSLA', 'INTC']",-76.61783372653736
2018-08-23,14494.326812192528,"['FB', 'MSFT', 'V']",34.752837113239366
2018-08-24,14633.496874759181,"['JNJ', 'MSFT', 'V']",139.17006256665263
2018-08-27,14699.071264924494,"['TSLA', 'FB', 'V']",65.57439016531316
2018-08-28,14681.577555498268,"['JPM', 'AAPL', 'FB']",-17.493709426225905
2018-08-29,14827.106176759766,"['AAPL', 'DIS', 'MSFT']",145.5286212614974
2018-08-30,14859.70789255256,"['AAPL', 'MSFT', 'V']",32.601715792794494
2018-08-31,14854.136951706347,"['JNJ', 'AAPL', 'FB']",-5.570940846213489
2018-09-04,14794.635134078508,"['AAPL', 'MSFT', 'INTC']",-59.501817627839046
2018-09-05,14567.305339108558,"['JPM', 'AAPL', 'V']",-227.32979496994994
2018-09-06,14528.564211475863,"['BAC', 'JNJ', 'INTC']",-38.74112763269477
2018-09-07,14532.102288665365,"['DIS', 'JNJ', 'V']",3.538077189501564
2018-09-10,14549.433184750404,"['JNJ', 'DIS', 'FB']",17.330896085039058
2018-09-11,14580.951908022509,"['FB', 'TSLA', 'MSFT']",31.51872327210549
2018-09-12,14425.725750316939,"['FB', 'AAPL', 'MSFT']",-155.22615770557059
2018-09-13,14460.91453357218,"['TSLA', 'JNJ', 'V']",35.188783255242015
2018-09-14,14364.42346644941,"['AAPL', 'DIS', 'MSFT']",-96.49106712276989
2018-09-17,14255.308865999239,"['MSFT', 'TSLA', 'FB']",-109.11460045017157
2018-09-18,14301.587771209055,"['JPM', 'DIS', 'JNJ']",46.278905209816
2018-09-19,14236.391977553563,"['MSFT', 'INTC', 'V']",-65.1957936554918
2018-09-20,14352.33440769896,"['JPM', 'TSLA', 'FB']",115.94243014539643
2018-09-21,14318.323355793258,"['MSFT', 'FB', 'V']",-34.011051905701606
2018-09-24,14217.1752406374,"['TSLA', 'JNJ', 'V']",-101.14811515585825
2018-09-25,14269.040523062975,"['AAPL', 'DIS', 'FB']",51.86528242557506
2018-09-26,14433.028792111027,"['AAPL', 'TSLA', 'DIS']",163.98826904805173
2018-09-27,14490.13939139504,"['TSLA', 'FB', 'DIS']",57.110599284013006
2018-09-28,14419.263858493832,"['AAPL', 'DIS', 'FB']",-70.87553290120741
2018-10-01,14337.481128904044,"['AAPL', 'DIS', 'INTC']",-81.78272958978778
2018-10-02,14258.091734026682,"['AAPL', 'TSLA', 'JNJ']",-79.38939487736207
2018-10-03,14350.84367416886,"['AAPL', 'DIS', 'INTC']",92.75194014217777
2018-10-04,14204.44086661873,"['JPM', 'AAPL', 'FB']",-146.4028075501301
2018-10-05,14138.12771929556,"['JPM', 'BAC', 'JNJ']",-66.31314732316969
2018-10-08,14182.969885568455,"['JPM', 'BAC', 'JNJ']",44.84216627289425
2018-10-09,14179.180228842968,"['JPM', 'DIS', 'JNJ']",-3.789656725486566
2018-10-10,13596.931714396644,"['AAPL', 'TSLA', 'MSFT']",-582.2485144463244
2018-10-11,13274.853765954507,"['BAC', 'JNJ', 'INTC']",-322.0779484421364
2018-10-12,13504.051872556327,"['MSFT', 'FB', 'INTC']",229.19810660181975
2018-10-15,13330.92383221093,"['AAPL', 'TSLA', 'V']",-173.12804034539658
2018-10-16,13816.234590802524,"['JNJ', 'DIS', 'TSLA']",485.3107585915932
2018-10-17,13734.80616542582,"['AAPL', 'TSLA', 'FB']",-81.42842537670367
2018-10-18,13626.454607018373,"['JPM', 'DIS', 'JNJ']",-108.35155840744665
2018-10-19,13525.083478338602,"['BAC', 'JNJ', 'INTC']",-101.37112867977157
2018-10-22,13546.765169364531,"['AAPL', 'DIS', 'V']",21.681691025929467
2018-10-23,13475.147235564993,"['AAPL', 'MSFT', 'INTC']",-71.61793379953815
2018-10-24,13187.744565997451,"['AAPL', 'TSLA', 'JNJ']",-287.40266956754203
2018-10-25,13353.678227447603,"['JPM', 'BAC', 'JNJ']",165.9336614501517
2018-10-26,13437.301532560421,"['TSLA', 'MSFT', 'V']",83.62330511281834
2018-10-29,13499.679772035024,"['BAC', 'TSLA', 'INTC']",62.378239474603106
2018-10-30,13617.243005427958,"['JPM', 'TSLA', 'JNJ']",117.5632333929334
2018-10-31,13682.007424276184,"['JNJ', 'FB', 'INTC']",64.76441884822634
2018-11-01,13844.923577271264,"['AAPL', 'TSLA', 'FB']",162.91615299507976
2018-11-02,13532.952977337562,"['AAPL', 'TSLA', 'V']",-311.97059993370203
2018-11-05,13552.573042670942,"['BAC', 'TSLA', 'MSFT']",19.620065333379898
2018-11-06,13533.349635046194,"['MSFT', 'JNJ', 'INTC']",-19.22340762474778
2018-11-07,13731.14295350304,"['AAPL', 'DIS', 'FB']",197.79331845684646
2018-11-08,13749.182224787919,"['AAPL', 'TSLA', 'MSFT']",18.03927128487885
2018-11-09,13694.384086881979,"['JPM', 'TSLA', 'JNJ']",-54.798137905940166
2018-11-12,13529.645076469413,"['BAC', 'DIS', 'JNJ']",-164.73901041256613
2018-11-13,13507.955026621006,"['BAC', 'JNJ', 'DIS']",-21.69004984840649
2018-11-14,13456.648864713487,"['JPM', 'TSLA', 'INTC']",-51.30616190751971
2018-11-15,13502.652972651358,"['TSLA', 'FB', 'DIS']",46.004107937871595
2018-11-16,13625.056353986372,"['JPM', 'AAPL', 'TSLA']",122.40338133501427
2018-11-19,13488.423021527558,"['AAPL', 'TSLA', 'JNJ']",-136.63333245881404
2018-11-20,13292.966245459964,"['JPM', 'BAC', 'JNJ']",-195.45677606759455
2018-11-21,13321.471681643681,"['BAC', 'FB', 'INTC']",28.505436183717393
2018-11-23,13180.653816399976,"['MSFT', 'DIS', 'FB']",-140.81786524370546
2018-11-26,13422.942679281328,"['MSFT', 'BAC', 'JNJ']",242.28886288135254
2018-11-27,13378.926639957608,"['MSFT', 'TSLA', 'FB']",-44.01603932372018
2018-11-28,13730.996392320227,"['MSFT', 'DIS', 'JNJ']",352.0697523626186
2018-11-29,13533.8699808755,"['AAPL', 'TSLA', 'V']",-197.12641144472764
2018-11-30,13611.243420758923,"['BAC', 'DIS', 'FB']",77.373439883424
2018-12-03,13835.758596679087,"['TSLA', 'FB', 'V']",224.51517592016353
2018-12-04,13446.164174771886,"['AAPL', 'TSLA', 'V']",-389.59442190720074
2018-12-06,13391.352873406426,"['BAC', 'TSLA', 'JNJ']",-54.81130136546017
2018-12-07,13133.371164120734,"['TSLA', 'FB', 'V']",-257.981709285692
2018-12-10,13008.221512004355,"['BAC', 'JNJ', 'DIS']",-125.149652116379
2018-12-11,13074.672373072925,"['MSFT', 'TSLA', 'FB']",66.4508610685698
2018-12-12,13110.286458283654,"['MSFT', 'TSLA', 'JNJ']",35.61408521072917
2018-12-13,13121.790832109968,"['JPM', 'FB', 'V']",11.504373826313895
2018-12-14,12807.31087288414,"['AAPL', 'TSLA', 'DIS']",-314.47995922582777
2018-12-17,12681.504579012242,"['JPM', 'BAC', 'INTC']",-125.80629387189765
2018-12-18,12720.697598858045,"['JPM', 'BAC', 'INTC']",39.193019845803065
2018-12-19,12236.135153233148,"['AAPL', 'FB', 'V']",-484.562445624897
2018-12-20,12055.672109082607,"['BAC', 'DIS', 'MSFT']",-180.46304415054146
2018-12-21,11733.714452527403,"['FB', 'JNJ', 'INTC']",-321.95765655520336
2018-12-24,11166.17032576073,"['TSLA', 'JNJ', 'INTC']",-567.5441267666738
2018-12-26,11917.775875538542,"['BAC', 'FB', 'INTC']",751.6055497778125
2018-12-27,11780.723068308132,"['AAPL', 'TSLA', 'FB']",-137.0528072304096
2018-12-28,11769.150730190644,"['JPM', 'DIS', 'V']",-11.57233811748847
2018-12-31,11857.60232674343,"['TSLA', 'INTC', 'DIS']",88.45159655278621
2019-01-02,11797.78448989009,"['AAPL', 'DIS', 'JNJ']",-59.81783685334085
2019-01-03,11485.97933325866,"['JPM', 'FB', 'V']",-311.8051566314298
2019-01-04,11850.389957278752,"['JPM', 'BAC', 'JNJ']",364.41062402009265
2019-01-07,12059.194817887521,"['AAPL', 'TSLA', 'FB']",208.80486060876865
2019-01-08,12117.005299082204,"['TSLA', 'V', 'DIS']",57.810481194683234
2019-01-09,12201.757918354377,"['JNJ', 'AAPL', 'FB']",84.75261927217252
2019-01-10,12291.284502976465,"['AAPL', 'TSLA', 'FB']",89.5265846220882
2019-01-11,12350.963107956475,"['TSLA', 'JNJ', 'INTC']",59.67860498001028
2019-01-14,12203.473721227077,"['BAC', 'TSLA', 'INTC']",-147.48938672939767
2019-01-15,12360.666226678692,"['JPM', 'BAC', 'FB']",157.19250545161412
2019-01-16,12391.377505488856,"['AAPL', 'TSLA', 'FB']",30.711278810164004
2019-01-17,12509.341529793912,"['AAPL', 'BAC', 'TSLA']",117.96402430505623
2019-01-18,12045.839645932425,"['AAPL', 'TSLA', 'JNJ']",-463.50188386148693
2019-01-22,11840.718803153199,"['JPM', 'MSFT', 'FB']",-205.12084277922622
2019-01-23,11806.476204190738,"['BAC', 'V', 'DIS']",-34.24259896246076
2019-01-24,11736.286335326116,"['AAPL', 'DIS', 'MSFT']",-70.18986886462153
2019-01-25,11681.963067930485,"['TSLA', 'FB', 'INTC']",-54.323267395631774
2019-01-28,11597.029886110875,"['AAPL', 'TSLA', 'FB']",-84.93318181960967
2019-01-29,11616.66824302398,"['JPM', 'BAC', 'JNJ']",19.63835691310487
2019-01-30,11811.740188645388,"['JPM', 'TSLA', 'JNJ']",195.0719456214083
2019-01-31,12243.645796896228,"['AAPL', 'TSLA', 'FB']",431.9056082508396
2019-02-01,12245.947900850431,"['JNJ', 'DIS', 'FB']",2.3021039542036306
2019-02-04,12335.204390730374,"['TSLA', 'INTC', 'V']",89.25648987994282
2019-02-05,12509.50562188067,"['MSFT', 'AAPL', 'FB']",174.30123115029528
2019-02-06,12441.028482791386,"['AAPL', 'TSLA', 'FB']",-68.47713908928381
2019-02-07,12277.183850118778,"['AAPL', 'JNJ', 'INTC']",-163.844632672608
2019-02-08,12272.665265646301,"['BAC', 'DIS', 'INTC']",-4.518584472476505
2019-02-11,12142.814878345975,"['MSFT', 'DIS', 'FB']",-129.85038730032647
2019-02-12,12203.589550703175,"['BAC', 'TSLA', 'V']",60.77467235719996
2019-02-13,12228.765529844413,"['JPM', 'MSFT', 'JNJ']",25.175979141238713
2019-02-14,12217.011851798357,"['JPM', 'DIS', 'V']",-11.753678046055938
2019-02-15,12347.102567325244,"['AAPL', 'DIS', 'INTC']",130.09071552688692
2019-02-19,12281.90820946674,"['JPM', 'TSLA', 'JNJ']",-65.1943578585051
2019-02-20,12353.737443342423,"['BAC', 'AAPL', 'DIS']",71.82923387568371
2019-02-21,12293.859731347477,"['JPM', 'AAPL', 'JNJ']",-59.87771199494637
2019-02-22,12472.799177429692,"['DIS', 'MSFT', 'INTC']",178.939446082215
2019-02-25,12565.776762832094,"['AAPL', 'TSLA', 'V']",92.97758540240284
2019-02-26,12542.955555993221,"['AAPL', 'TSLA', 'FB']",-22.821206838872968
2019-02-27,12541.789175863218,"['MSFT', 'INTC', 'V']",-1.1663801300037449
2019-02-28,12526.471059171916,"['BAC', 'AAPL', 'TSLA']",-15.318116691301839
2019-03-01,12289.274836050086,"['TSLA', 'JNJ', 'V']",-237.19622312182946
2019-03-04,12272.343155596733,"['AAPL', 'JNJ', 'V']",-16.931680453353692
2019-03-05,12340.258367314505,"['AAPL', 'FB', 'INTC']",67.91521171777276
2019-03-06,12345.818570451189,"['JNJ', 'BAC', 'FB']",5.560203136683413
2019-03-07,12209.940055863042,"['JNJ', 'DIS', 'FB']",-135.87851458814657
2019-03-08,12326.007660267313,"['BAC', 'TSLA', 'INTC']",116.06760440427024
2019-03-11,12576.45793568172,"['TSLA', 'FB', 'V']",250.45027541440686
2019-03-12,12544.11147064513,"['AAPL', 'TSLA', 'V']",-32.34646503658951
2019-03-13,12615.37995319011,"['AAPL', 'MSFT', 'V']",71.26848254497963
2019-03-14,12555.62122988003,"['MSFT', 'TSLA', 'FB']",-59.75872331008031
2019-03-15,12434.539274970248,"['AAPL', 'TSLA', 'V']",-121.08195490978142
2019-03-18,12522.881132951996,"['AAPL', 'MSFT', 'V']",88.34185798174803
2019-03-19,12477.453787743103,"['JPM', 'AAPL', 'MSFT']",-45.4273452088928
2019-03-20,12537.930535225634,"['FB', 'MSFT', 'JNJ']",60.47674748253121
2019-03-21,12714.43917364769,"['AAPL', 'TSLA', 'FB']",176.5086384220558
2019-03-22,12440.65839021016,"['AAPL', 'MSFT', 'V']",-273.7807834375308
2019-03-25,12388.612473055178,"['BAC', 'DIS', 'JNJ']",-52.045917154981
2019-03-26,12493.161419505876,"['MSFT', 'FB', 'V']",104.54894645069726
2019-03-27,12579.29234975389,"['TSLA', 'V', 'DIS']",86.13093024801492
2019-03-28,12659.028206737461,"['AAPL', 'TSLA', 'DIS']",79.73585698357056
2019-03-29,12741.063860727303,"['JPM', 'TSLA', 'V']",82.0356539898421
2019-04-01,12940.437119371654,"['AAPL', 'TSLA', 'V']",199.37325864435115
2019-04-02,13052.453694442025,"['JPM', 'TSLA', 'FB']",112.01657507037089
2019-04-03,13084.545385100748,"['AAPL', 'FB', 'V']",32.091690658722655
2019-04-04,12767.564197720709,"['AAPL', 'TSLA', 'INTC']",-316.98118738003905
2019-04-05,12759.503507250503,"['JPM', 'DIS', 'FB']",-8.060690470205373
2019-04-08,12797.95801673408,"['AAPL', 'TSLA', 'JNJ']",38.45450948357575
2019-04-09,12746.640140966214,"['JPM', 'AAPL', 'V']",-51.31787576786519
2019-04-10,12792.157373638793,"['DIS', 'FB', 'V']",45.51723267257876
2019-04-11,12619.82965624972,"['AAPL', 'TSLA', 'V']",-172.32771738907286
2019-04-12,12885.447712606594,"['JPM', 'MSFT', 'INTC']",265.61805635687415
2019-04-15,12923.310234473915,"['JPM', 'DIS', 'V']",37.86252186732054
2019-04-16,12829.151486610355,"['DIS', 'FB', 'V']",-94.15874786355926
2019-04-17,12934.49430480578,"['JPM', 'TSLA', 'JNJ']",105.34281819542412
2019-04-18,12941.210624213129,"['JPM', 'AAPL', 'DIS']",6.716319407349147
2019-04-22,12803.111743677277,"['AAPL', 'TSLA', 'MSFT']",-138.098880535852
2019-04-23,12977.638633246223,"['MSFT', 'AAPL', 'FB']",174.526889568946
2019-04-24,12921.075865588531,"['JNJ', 'AAPL', 'FB']",-56.56276765769144
2019-04-25,12867.618405072713,"['BAC', 'DIS', 'INTC']",-53.45746051581773
2019-04-26,12916.611147769621,"['MSFT', 'DIS', 'FB']",48.99274269690795
2019-04-29,12912.904583211139,"['DIS', 'JNJ', 'V']",-3.706564558482569
2019-04-30,12830.259590756104,"['JPM', 'TSLA', 'FB']",-82.6449924550343
2019-05-01,12721.24862940752,"['MSFT', 'JNJ', 'V']",-109.0109613485838
2019-05-02,12656.095554975731,"['AAPL', 'JNJ', 'INTC']",-65.15307443178972
2019-05-03,12899.995208222674,"['BAC', 'JPM', 'TSLA']",243.89965324694276
2019-05-06,12845.225435387758,"['MSFT', 'TSLA', 'FB']",-54.769772834915784
2019-05-07,12602.28523604477,"['DIS', 'TSLA', 'V']",-242.9401993429874
2019-05-08,12605.483024075555,"['BAC', 'INTC', 'DIS']",3.197788030784068
2019-05-09,12416.022602404722,"['AAPL', 'DIS', 'V']",-189.46042167083215
2019-05-10,12451.298772479659,"['JPM', 'BAC', 'MSFT']",35.27617007493609
2019-05-13,12156.4991277851,"['DIS', 'MSFT', 'V']",-294.7996446945581
2019-05-14,12233.154918790775,"['BAC', 'JNJ', 'INTC']",76.65579100567447
2019-05-15,12341.350780508496,"['AAPL', 'TSLA', 'V']",108.19586171772062
2019-05-16,12398.123220042471,"['AAPL', 'FB', 'V']",56.77243953397556
2019-05-17,12330.955963780134,"['JPM', 'MSFT', 'V']",-67.1672562623371
2019-05-20,12290.927035870485,"['BAC', 'JNJ', 'DIS']",-40.0289279096487
2019-05-21,12337.864502816981,"['JPM', 'BAC', 'JNJ']",46.93746694649599
2019-05-22,12222.247851625969,"['AAPL', 'FB', 'INTC']",-115.61665119101235
2019-05-23,12107.11287536224,"['FB', 'JNJ', 'MSFT']",-115.13497626372919
2019-05-24,12010.69864674901,"['TSLA', 'JNJ', 'INTC']",-96.41422861323008
2019-05-28,11953.832170734717,"['JPM', 'BAC', 'V']",-56.86647601429286
2019-05-29,11845.614864279774,"['MSFT', 'FB', 'V']",-108.21730645494245
2019-05-30,11772.193135015965,"['BAC', 'TSLA', 'INTC']",-73.42172926380954
2019-05-31,11518.338011330208,"['MSFT', 'AAPL', 'FB']",-253.85512368575655
2019-06-03,11490.369908569472,"['BAC', 'DIS', 'INTC']",-27.968102760736656
2019-06-04,11744.5224983567,"['JPM', 'DIS', 'JNJ']",254.15258978722886
2019-06-05,11941.979641654,"['AAPL', 'TSLA', 'V']",197.4571432972989
2019-06-06,12226.773389504315,"['AAPL', 'TSLA', 'V']",284.7937478503154
2019-06-07,12362.31957953619,"['AAPL', 'TSLA', 'JNJ']",135.54619003187508
2019-06-10,12487.557123826078,"['MSFT', 'AAPL', 'FB']",125.23754428988832
2019-06-11,12696.370446448422,"['AAPL', 'TSLA', 'FB']",208.81332262234355
2019-06-12,12457.355612102743,"['AAPL', 'TSLA', 'FB']",-239.01483434567854
2019-06-13,12558.904814461745,"['DIS', 'JNJ', 'V']",101.54920235900136
2019-06-14,12667.065457705366,"['FB', 'DIS', 'TSLA']",108.16064324362196
2019-06-17,13042.031981344855,"['TSLA', 'FB', 'V']",374.9665236394885
2019-06-18,13126.252124954426,"['AAPL', 'TSLA', 'FB']",84.2201436095711
2019-06-19,13099.00439602157,"['JPM', 'AAPL', 'MSFT']",-27.247728932856262
2019-06-20,13079.788060650255,"['TSLA', 'V', 'DIS']",-19.216335371314926
2019-06-21,13105.616965816367,"['JNJ', 'FB', 'V']",25.828905166112236
2019-06-24,13189.68260343889,"['TSLA', 'FB', 'INTC']",84.06563762252335
2019-06-25,13063.838302809541,"['JNJ', 'TSLA', 'FB']",-125.84430062934916
2019-06-26,13029.528200183966,"['BAC', 'DIS', 'JNJ']",-34.31010262557538
2019-06-27,12976.845095505372,"['JPM', 'AAPL', 'INTC']",-52.683104678593736
2019-06-28,13184.732939920857,"['JPM', 'TSLA', 'FB']",207.88784441548523
2019-07-01,13267.044507222152,"['JPM', 'FB', 'V']",82.31156730129442
2019-07-02,13266.003843126906,"['AAPL', 'TSLA', 'DIS']",-1.0406640952460293
2019-07-03,13392.650559793672,"['AAPL', 'FB', 'V']",126.64671666676622
2019-07-05,13291.022312551479,"['JNJ', 'TSLA', 'FB']",-101.62824724219354
2019-07-08,13213.25996376049,"['BAC', 'JPM', 'DIS']",-77.76234879098774
2019-07-09,13233.553403000948,"['MSFT', 'BAC', 'JNJ']",20.29343924045679
2019-07-10,13394.333908548899,"['AAPL', 'FB', 'V']",160.78050554795118
2019-07-11,13322.8048014133,"['AAPL', 'TSLA', 'FB']",-71.52910713559868
2019-07-12,13375.480307704927,"['JPM', 'MSFT', 'V']",52.675506291627244
2019-07-15,13549.652303529148,"['AAPL', 'TSLA', 'FB']",174.17199582422109
2019-07-16,13439.974063083599,"['AAPL', 'TSLA', 'JNJ']",-109.67824044554982
2019-07-17,13382.071236746986,"['JPM', 'BAC', 'FB']",-57.902826336612634
2019-07-18,13452.958086743409,"['BAC', 'TSLA', 'INTC']",70.88684999642282
2019-07-19,13309.784792905019,"['JPM', 'AAPL', 'V']",-143.17329383839024
2019-07-22,13420.918150653717,"['TSLA', 'MSFT', 'INTC']",111.13335774869847
2019-07-23,13484.569140997964,"['MSFT', 'AAPL', 'FB']",63.650990344247475
2019-07-24,13580.438656655082,"['JPM', 'AAPL', 'TSLA']",95.86951565711752
2019-07-25,12833.838182754698,"['TSLA', 'FB', 'V']",-746.6004739003838
2019-07-26,12924.759502607852,"['BAC', 'DIS', 'JNJ']",90.92131985315427
2019-07-29,12955.876484426171,"['DIS', 'MSFT', 'V']",31.11698181831889
2019-07-30,13025.699872876394,"['AAPL', 'TSLA', 'JNJ']",69.82338845022241
2019-07-31,12922.61253835056,"['BAC', 'TSLA', 'FB']",-103.08733452583328
2019-08-01,12548.692769343823,"['JPM', 'AAPL', 'BAC']",-373.9197690067376
2019-08-02,12497.7335362397,"['JNJ', 'MSFT', 'V']",-50.95923310412218
2019-08-05,12237.843297132418,"['JPM', 'TSLA', 'JNJ']",-259.89023910728247
2019-08-06,12333.021697155778,"['BAC', 'JNJ', 'INTC']",95.17840002336015
2019-08-07,12240.152293009858,"['AAPL', 'DIS', 'V']",-92.86940414592027
2019-08-08,12522.026876758395,"['AAPL', 'TSLA', 'V']",281.8745837485367
2019-08-09,12393.973962756594,"['TSLA', 'FB', 'V']",-128.05291400180067
2019-08-12,12205.200914071862,"['BAC', 'DIS', 'JNJ']",-188.7730486847322
2019-08-13,12535.630808068188,"['AAPL', 'JNJ', 'INTC']",330.4298939963264
2019-08-14,11943.989999327325,"['AAPL', 'TSLA', 'FB']",-591.6408087408636
2019-08-15,11912.17480012502,"['BAC', 'JNJ', 'INTC']",-31.81519920230494
2019-08-16,12033.74165897028,"['DIS', 'FB', 'V']",121.56685884526087
2019-08-19,12270.307453118765,"['JPM', 'AAPL', 'TSLA']",236.5657941484842
2019-08-20,12200.078461467578,"['AAPL', 'TSLA', 'FB']",-70.22899165118724
2019-08-21,12301.68571569163,"['AAPL', 'DIS', 'V']",101.60725422405267
2019-08-22,12249.110884768175,"['AAPL', 'MSFT', 'V']",-52.57483092345501
2019-08-23,11817.80919106854,"['JPM', 'TSLA', 'DIS']",-431.3016936996355
2019-08-26,11937.678880634245,"['JPM', 'BAC', 'INTC']",119.8696895657049
2019-08-27,11892.579169779783,"['AAPL', 'DIS', 'TSLA']",-45.09971085446159
2019-08-28,11879.726669304591,"['FB', 'JNJ', 'V']",-12.852500475191846
2019-08-29,12096.595594830995,"['AAPL', 'DIS', 'TSLA']",216.86892552640347
2019-08-30,12164.488230325709,"['AAPL', 'TSLA', 'FB']",67.89263549471434
2019-09-03,12068.94624995766,"['JPM', 'TSLA', 'INTC']",-95.54198036804883
2019-09-04,12304.260339240307,"['BAC', 'JNJ', 'INTC']",235.31408928264682
2019-09-05,12533.643861772101,"['AAPL', 'FB', 'V']",229.38352253179437
2019-09-06,12419.86202035699,"['AAPL', 'TSLA', 'FB']",-113.78184141511156
2019-09-09,12359.58445018306,"['DIS', 'INTC', 'V']",-60.277570173930144
2019-09-10,12422.188265052087,"['JPM', 'TSLA', 'FB']",62.6038148690277
2019-09-11,12808.843970171154,"['AAPL', 'TSLA', 'JNJ']",386.6557051190666
2019-09-12,12754.842875422295,"['AAPL', 'TSLA', 'FB']",-54.00109474885903
2019-09-13,12747.777848890157,"['DIS', 'MSFT', 'V']",-7.06502653213829
2019-09-16,12635.979604081222,"['BAC', 'JPM', 'DIS']",-111.79824480893512
2019-09-17,12604.569667018437,"['AAPL', 'BAC', 'INTC']",-31.409937062784593
2019-09-18,12618.153613251492,"['MSFT', 'TSLA', 'FB']",13.58394623305503
2019-09-19,12648.062462240301,"['JPM', 'AAPL', 'MSFT']",29.90884898880904
2019-09-20,12492.454218337516,"['FB', 'TSLA', 'MSFT']",-155.60824390278503
2019-09-23,12417.264272680008,"['FB', 'BAC', 'JNJ']",-75.18994565750836
2019-09-24,12078.21568006818,"['AAPL', 'TSLA', 'V']",-339.0485926118272
2019-09-25,12113.705075031223,"['DIS', 'JNJ', 'V']",35.48939496304229
2019-09-26,12342.804950924201,"['AAPL', 'TSLA', 'MSFT']",229.09987589297816
2019-09-27,12243.496268982442,"['TSLA', 'MSFT', 'V']",-99.30868194175855
2019-09-30,12277.704080411135,"['JPM', 'BAC', 'INTC']",34.20781142869237
2019-10-01,12179.169248297196,"['FB', 'AAPL', 'MSFT']",-98.53483211393905
2019-10-02,11947.631670749899,"['AAPL', 'TSLA', 'V']",-231.53757754729668
2019-10-03,11888.37122390921,"['BAC', 'DIS', 'JNJ']",-59.26044684068984
2019-10-04,12094.385875241385,"['AAPL', 'FB', 'V']",206.01465133217607
2019-10-07,12055.451461451477,"['AAPL', 'JNJ', 'V']",-38.93441378990792
2019-10-08,11973.163733464304,"['AAPL', 'TSLA', 'DIS']",-82.28772798717364
2019-10-09,12145.802184821976,"['BAC', 'TSLA', 'INTC']",172.63845135767224
2019-10-10,12229.034331039844,"['AAPL', 'TSLA', 'MSFT']",83.23214621786792
2019-10-11,12423.340010936396,"['JPM', 'AAPL', 'MSFT']",194.30567989655174
2019-10-14,12548.4383317938,"['AAPL', 'TSLA', 'FB']",125.09832085740527
2019-10-15,12722.435393495503,"['JPM', 'TSLA', 'V']",173.99706170170248
2019-10-16,12801.738079400038,"['JPM', 'FB', 'JNJ']",79.30268590453488
2019-10-17,12919.018301760108,"['TSLA', 'JNJ', 'DIS']",117.28022236007018
2019-10-18,12520.488375692259,"['TSLA', 'JNJ', 'DIS']",-398.5299260678494
2019-10-21,12788.508057914649,"['JPM', 'AAPL', 'BAC']",268.01968222238975
2019-10-22,12654.857882482574,"['JPM', 'AAPL', 'FB']",-133.65017543207432
2019-10-23,12610.69620530627,"['JPM', 'DIS', 'TSLA']",-44.16167717630378
2019-10-24,12705.50341680463,"['MSFT', 'AAPL', 'FB']",94.80721149835881
2019-10-25,13172.106358412555,"['TSLA', 'MSFT', 'V']",466.60294160792546
2019-10-28,13233.798132793583,"['AAPL', 'TSLA', 'INTC']",61.691774381028154
2019-10-29,13035.959086123457,"['AAPL', 'MSFT', 'V']",-197.83904667012575
2019-10-30,13075.965946989865,"['JPM', 'BAC', 'JNJ']",40.006860866407806
2019-10-31,13002.859084299309,"['MSFT', 'JNJ', 'V']",-73.10686269055623
2019-11-01,13264.834442510335,"['AAPL', 'DIS', 'FB']",261.9753582110261
2019-11-04,13334.823868873616,"['JPM', 'AAPL', 'DIS']",69.98942636328138
2019-11-05,13315.805739057141,"['AAPL', 'TSLA', 'FB']",-19.018129816475266
2019-11-06,13337.002633798016,"['JPM', 'BAC', 'JNJ']",21.196894740874995
2019-11-07,13514.906696235055,"['TSLA', 'JNJ', 'V']",177.9040624370391
2019-11-08,13719.882467527708,"['AAPL', 'TSLA', 'DIS']",204.975771292653
2019-11-11,13791.981566634546,"['MSFT', 'DIS', 'TSLA']",72.09909910683746
2019-11-12,13857.373731625752,"['AAPL', 'TSLA', 'V']",65.3921649912063
2019-11-13,14114.530885107237,"['TSLA', 'FB', 'DIS']",257.1571534814848
2019-11-14,14056.261649585605,"['AAPL', 'DIS', 'MSFT']",-58.269235521631344
2019-11-15,14154.776679927283,"['TSLA', 'MSFT', 'V']",98.51503034167763
2019-11-18,14145.51367108519,"['AAPL', 'TSLA', 'JNJ']",-9.263008842093768
2019-11-19,14200.388816423607,"['AAPL', 'DIS', 'FB']",54.8751453384175
2019-11-20,14032.545272875905,"['TSLA', 'FB', 'V']",-167.8435435477022
2019-11-21,14066.835895985441,"['MSFT', 'BAC', 'JNJ']",34.29062310953668
2019-11-22,13855.990405547484,"['FB', 'TSLA', 'JNJ']",-210.84549043795778
2019-11-25,13924.149491271419,"['FB', 'DIS', 'JNJ']",68.15908572393528
